-- Fake factories

INSERT INTO Factory VALUES (16218173, 'Parker-Legros', 1322, 'Scoville', 0, 'Los Angeles', 'CA', 90020, '323-898-5453', 'Casie Battison');
INSERT INTO Factory VALUES (27314601, 'Schoen Group', 80, 'Sommers', 492, 'Phoenix', 'AZ', 85077, '602-961-1937', 'Clemmy Itzcovichch');
INSERT INTO Factory VALUES (62671753, 'Swift, Wisozk and Sipes', 503, 'Golden Leaf', 0, 'Norfolk', 'VA', 23514, '757-367-6732', 'Dag Clardge');
INSERT INTO Factory VALUES (97610389, 'Marquardt, Stokes and Rutherford', 85, 'Badeau', 27, 'Joliet', 'IL', 60435, '815-123-8488', 'Myrilla Tarbatt');
INSERT INTO Factory VALUES (37138506, 'Volkman Inc', 2983, 'Loftsgordon', 39, 'Sioux City', 'IA', 51105, '712-373-1759', 'Kev Lethlay');
INSERT INTO Factory VALUES (17544563, 'Herzog-Reichert', 632, 'Hudson', 50, 'Minneapolis', 'MN', 55448, '763-929-6987', 'Jaye Prazer');
INSERT INTO Factory VALUES (80056194, 'Yundt, King and O''Connell', 8, 'Vernon', null, 'Riverside', 'CA', 92513, '951-791-6435', 'Waldemar Strathman');
INSERT INTO Factory VALUES (14423821, 'Bruen Inc', 1, 'Chive', 1157, 'Jackson', 'MS', 39210, '601-385-4949', 'Sadye Bernth');
INSERT INTO Factory VALUES (34318586, 'Hoeger-Mraz', 8, 'Stone Corner', 6, 'Wichita Falls', 'TX', 76310, '940-737-5959', 'Ada Brisson');
INSERT INTO Factory VALUES (80112213, 'Wilderman, Bailey and Connelly', 32, 'Del Sol', 93, 'Houston', 'TX', 77206, '713-151-1073', 'Babita Bosward');
INSERT INTO Factory VALUES (52519087, 'Bailey-Koepp', 7, 'Marcy', 5, 'Waterbury', 'CT', '06721', '203-782-7946', 'Therese Mattek');
INSERT INTO Factory VALUES (18517828, 'Cruickshank, Larkin and Brekke', 6, 'Haas', 284, 'Little Rock', 'AR', '72209', '501-791-9813', 'Sherline Creswell');
INSERT INTO Factory VALUES (74016761, 'Schumm, Witting and Okuneva', 2, 'Fairview', 33649, 'Baton Rouge', 'LA', '70820', '225-374-6362', 'Maggi Nolleau');
INSERT INTO Factory VALUES (61927797, 'Bergstrom-Raynor', '022', 'Stone Corner', null, 'Houston', 'TX', '77223', '713-695-8751', 'Caren Sink');
INSERT INTO Factory VALUES (51922324, 'Langworth LLC', '1', 'Harbort', null, 'Ventura', 'CA', '93005', '805-843-1641', 'Claybourne Sein');
INSERT INTO Factory VALUES (10478561, 'Harber-Monahan', '70542', 'Mccormick', 5258, 'Dayton', 'OH', '45440', '937-638-9009', 'Bekki Mabey');
INSERT INTO Factory VALUES (80107466, 'Schuppe, Christiansen and Lang', '5735', 'Meadow Vale', null, 'Saint Paul', 'MN', '55115', '651-923-3404', 'Alma Earthfield');
INSERT INTO Factory VALUES (73941743, 'Roberts-Sporer', '501', 'Old Gate', null, 'Spring Hill', 'FL', '34611', '352-912-2012', 'Aeriela Pinkerton');
INSERT INTO Factory VALUES (60352376, 'Will-Ritchie', '30252', '3rd', null, 'Fort Smith', 'AR', '72916', '479-398-0383', 'Kenton Sketch');
INSERT INTO Factory VALUES (86383092, 'Dare-Von', '7290', 'Longview', null, 'Washington', 'DC', '20016', '703-229-9419', 'Leo Ingleton');
INSERT INTO Factory VALUES (17035572, 'Bernhard, Collier and D''Amore', '69', 'Swallow', null, 'Saint Louis', 'MO', '63131', '636-817-4097', 'Deirdre Shalloo');
INSERT INTO Factory VALUES (52791614, 'Simonis-Crist', '6', 'Eliot', null, 'Charlotte', 'NC', '28235', '704-646-9153', 'Ruddie Mulholland');
INSERT INTO Factory VALUES (10711209, 'Okuneva, Kilback and Kassulke', '7427', 'Anderson', null, 'Lees Summit', 'MO', '64082', '816-698-2396', 'Augustine de Werk');
INSERT INTO Factory VALUES (87583644, 'Effertz Inc', '47', 'Aberg', 7593, 'Charleston', 'SC', '29411', '843-106-2778', 'Lizette Crus');
INSERT INTO Factory VALUES (10802975, 'Bednar, Muller and Beatty', '386', 'Montana', null, 'Fort Wayne', 'IN', '46805', '260-252-1745', 'Lucina Belhome');
INSERT INTO Factory VALUES (60702819, 'Mitchell-Collier', '193', 'Hanson', 14513, 'Huntington', 'WV', '25705', '304-483-7531', 'Sven Keitch');
INSERT INTO Factory VALUES (21175747, 'Marquardt-Streich', '11', 'Anthes', null, 'Naples', 'FL', '34114', '239-566-5962', 'Austina Mishaw');
INSERT INTO Factory VALUES (37282756, 'Ortiz-Langworth', '76', 'Springs', null, 'Denver', 'CO', '80204', '303-502-5499', 'Ardene Purves');
INSERT INTO Factory VALUES (14466473, 'Kovacek Group', '9', 'Calypso', 64, 'Monroe', 'LA', '71213', '318-661-7675', 'Peyton Catley');
INSERT INTO Factory VALUES (63134464, 'Durgan-Brekke', '5', 'Golf Course', null, 'Washington', 'DC', '20041', '703-917-4017', 'Krissy Rantoull');
INSERT INTO Factory VALUES (99759883, 'Hintz, Stoltenberg and Grimes', '8', 'Morningstar', null, 'Portsmouth', 'NH', '00214', '603-769-0839', 'Benoit Fontin');
INSERT INTO Factory VALUES (94528109, 'Baumbach LLC', '6066', 'Kingsford', 88, 'Miami', 'FL', '33164', '786-315-3913', 'Nanine Heino');
INSERT INTO Factory VALUES (88879750, 'Fahey, Lind and Veum', '2586', 'Grover', null, 'Amarillo', 'TX', '79182', '806-445-5222', 'Rosita Muehler');
INSERT INTO Factory VALUES (49289688, 'Sporer-Schamberger', '4910', 'Dixon', null, 'Danbury', 'CT', '06816', '203-546-3056', 'Susy Woan');
INSERT INTO Factory VALUES (60398734, 'Ledner Inc', '43802', 'Vernon', '08514', 'Shawnee Mission', 'KS', '66210', '816-225-8338', 'Reba Roskelly');
INSERT INTO Factory VALUES (47672407, 'Hills, Carroll and Wisoky', '6027', 'Hanover', null, 'Waterbury', 'CT', '06726', '203-620-1920', 'Angelo Bonner');
INSERT INTO Factory VALUES (30352096, 'Jaskolski-Hyatt', '4235', 'Donald', '5', 'Spartanburg', 'SC', '29305', '864-906-1548', 'Corie O''Scully');
INSERT INTO Factory VALUES (95219711, 'Stoltenberg, Lubowitz and Grady', '6981', 'Fisk', null, 'Knoxville', 'TN', '37995', '865-808-0982', 'Debby Lunney');
INSERT INTO Factory VALUES (42622303, 'Jerde LLC', '44', 'Toban', '27', 'Bronx', 'NY', '10474', '917-372-9903', 'Axel Muttock');
INSERT INTO Factory VALUES (86001789, 'Heidenreich and Sons', '4875', 'Alpine', '675', 'Fargo', 'ND', '58106', '701-798-3482', 'Anallise MacCarrick');
INSERT INTO Factory VALUES (89964315, 'Doyle-Osinski', '42', 'Schiller', null, 'Charleston', 'WV', '25336', '304-855-7871', 'Ulick Philpault');
INSERT INTO Factory VALUES (99189515, 'Moore and Sons', '2460', 'Rieder', null, 'Jacksonville', 'FL', '32215', '904-387-7044', 'Christin Rany');
INSERT INTO Factory VALUES (26933758, 'Mann and Sons', '87', 'Nelson', null, 'Sioux Falls', 'SD', '57193', '605-315-5695', 'Corbett Brotherhood');
INSERT INTO Factory VALUES (80085129, 'Flatley Inc', '3188', 'Rieder', null, 'Corpus Christi', 'TX', '78426', '361-993-2093', 'Willi Pollastrino');
INSERT INTO Factory VALUES (61188408, 'Mayert and Sons', '55007', 'Dexter', null, 'Baltimore', 'MD', '21275', '410-767-9740', 'Stuart Saller');
INSERT INTO Factory VALUES (81852802, 'Toy, Prohaska and Ruecker', '8086', 'Badeau', null, 'Aurora', 'IL', '60505', '331-132-4323', 'Tamma Parades');
INSERT INTO Factory VALUES (15249852, 'Kunde-Lehner', '995', 'Waubesa', null, 'Falls Church', 'VA', '22047', '571-956-4314', 'Cirillo Cummungs');
INSERT INTO Factory VALUES (10214173, 'Lowe Group', '3', 'Basil', null, 'Sacramento', 'CA', '95838', '916-131-4642', 'Araldo Soggee');
INSERT INTO Factory VALUES (39090920, 'Breitenberg, Doyle and Kovacek', '84', 'Erie', null, 'Amarillo', 'TX', '79159', '806-138-0140', 'Genevieve Dana');
INSERT INTO Factory VALUES (36748517, 'Corkery LLC', '54218', 'Ridgeway', null, 'Virginia Beach', 'VA', '23454', '757-285-4783', 'Hadley Lathom');

-- Material(m_code, m_name, quantity, unit, min_level)

INSERT INTO Material VALUES ('LEA', 'Leather', 100000, 'kg', 5);
INSERT INTO Material VALUES ('CTN', 'Cotton', 200000, 'kg', 5);
INSERT INTO Material VALUES ('RUB', 'Natural Rubber', 1000000, 'kg', 10);
INSERT INTO Material VALUES ('QTZ', 'Quartz', 10000, 'kg', 5);
INSERT INTO Material VALUES ('STN', 'Stainless Steel', 500000, 'kg', 100);
INSERT INTO Material VALUES ('STL', 'Steel', 4000000, 'kg', 500);
INSERT INTO Material VALUES ('ALM', 'Aluminum', 2000000, 'kg', 500);
INSERT INTO Material VALUES ('XEN', 'Xenon', 20000, 'liter', 5);
INSERT INTO Material VALUES ('PLP', 'Polypropylene', 300000, 'kg', 40);
INSERT INTO Material VALUES ('PLY', 'Polyester', 50000, 'kg', 2);
INSERT INTO Material VALUES ('PLC', 'Polycarbonate', 100000, 'kg', 10);

-- Product(p_code, p_name, description, quantity, unit, avg_cost)

INSERT INTO Product VALUES ('1-001', 'Headlights', 'Lamp attached to the front of a vehicle to illuminate the road ahead. ', 1, 'pair', 100);
INSERT INTO Product VALUES ('1-002', 'Radiator', 'Heat exchangers used for cooling internal combustion engines', 1, 'single', 125);
INSERT INTO Product VALUES ('1-003', 'Intake manifold', 'Supplies air/fuel mixture to the engine cylinders', 1, 'single', 200);
INSERT INTO Product VALUES ('1-004', 'Engine Block', 'Contains the cylinders and other parts for combustion engines', 1, 'single', 3000);
INSERT INTO Product VALUES ('1-005', 'Bumper', 'The structure attached to or integrated with the front and rear ends of a motor vehicle, to absorb impact in a minor collision, ideally minimizing repair costs', 1, 'single', 700);
INSERT INTO Product VALUES ('1-006', 'Wheel', 'Standard steel wheel', 1, 'single', 50);
INSERT INTO Product VALUES ('1-007', 'Car seat', 'Premium seat made from leather, cotton and polyester', 1, 'single', 600);
INSERT INTO Product VALUES ('1-008', 'Tire', 'Rubber tire', 1, 'single', 45);
INSERT INTO Product VALUES ('1-009', 'Wiper blade', 'The device used to remove rain, snow, ice, washer fluid, water, and/or debris from a vehicle''s front window so the vehicle''s operator can better see what''s ahead of them', 1, 'pair', 15);
INSERT INTO Product VALUES ('1-010', 'Car chassis', 'A vehicle''s frame', 1, 'single', 4500);
INSERT INTO Product VALUES ('1-011', 'Muffler', 'The device for reducing the noise emitted by the exhaust of an internal combustion engine', 1, 'single', 200);
INSERT INTO Product VALUES ('1-012', 'Catalytic converter', 'An exhaust emission control device that reduces toxic gases and pollutants in exhaust gas from an internal combustion engine into less-toxic pollutants by catalyzing a redox reaction', 1, 'single', 500);
INSERT INTO Product VALUES ('1-013', 'Floor mat', 'A mat that goes on the floor', 1, 'single', 30);
INSERT INTO Product VALUES ('1-014', 'Windshield', 'Front window of a vehicle', 1, 'single', 200);
INSERT INTO Product VALUES ('1-015', 'Car battery', 'The rechargeable battery used for starting a vehicle', 1, 'single', 50);

-- Supplier

INSERT INTO Supplier VALUES (11256886, 'zulaufsawaynandfisher.com', 'supplier@zulaufsawaynandfisher.com');
INSERT INTO Supplier VALUES (13156630, 'schadenmurray.com', 'supplier@schadenmurray.com');
INSERT INTO Supplier VALUES (36761006, 'haleyinc.com', 'supplier@haleyinc.com');
INSERT INTO Supplier VALUES (99758093, 'blockromagueraandsipes.com', 'supplier@blockromagueraandsipes.com');
INSERT INTO Supplier VALUES (60778235, 'olsonkreiger.com', 'supplier@olsonkreiger.com');
INSERT INTO Supplier VALUES (43641803, 'millerhyatt.com', 'supplier@millerhyatt.com');
INSERT INTO Supplier VALUES (48756127, 'batzgroup.com', 'supplier@batzgroup.com');
INSERT INTO Supplier VALUES (28769726, 'kihninc.com', 'supplier@kihninc.com');
INSERT INTO Supplier VALUES (32557898, 'barrowsvandervortanddenesik.com', 'supplier@barrowsvandervortanddenesik.com');
INSERT INTO Supplier VALUES (83845040, 'klingandsons.com', 'supplier@klingandsons.com');
INSERT INTO Supplier VALUES (72041044, 'simonisgerlachandkiehn.com', 'supplier@simonisgerlachandkiehn.com');
INSERT INTO Supplier VALUES (95276660, 'muellerrempelandblanda.com', 'supplier@muellerrempelandblanda.com');
INSERT INTO Supplier VALUES (53405108, 'jacobswisoky.com', 'supplier@jacobswisoky.com');
INSERT INTO Supplier VALUES (12732128, 'abshirebechtelar.com', 'supplier@abshirebechtelar.com');
INSERT INTO Supplier VALUES (27659178, 'oconnellebertandharris.com', 'supplier@oconnellebertandharris.com');
INSERT INTO Supplier VALUES (31821593, 'danielmayer.com', 'supplier@danielmayer.com');
INSERT INTO Supplier VALUES (70681070, 'bergemanteandortiz.com', 'supplier@bergemanteandortiz.com');
INSERT INTO Supplier VALUES (26155604, 'lebsackandsons.com', 'supplier@lebsackandsons.com');
INSERT INTO Supplier VALUES (86561947, 'creminkeeblerandfay.com', 'supplier@creminkeeblerandfay.com');
INSERT INTO Supplier VALUES (51591040, 'dickinsonwunsch.com', 'supplier@dickinsonwunsch.com');
INSERT INTO Supplier VALUES (79172137, 'williamsondibbertandgutmann.com', 'supplier@williamsondibbertandgutmann.com');
INSERT INTO Supplier VALUES (96396423, 'krajcikgroup.com', 'supplier@krajcikgroup.com');
INSERT INTO Supplier VALUES (90677070, 'hodkiewiczrowe.com', 'supplier@hodkiewiczrowe.com');
INSERT INTO Supplier VALUES (22623370, 'bergnaumgroup.com', 'supplier@bergnaumgroup.com');
INSERT INTO Supplier VALUES (75622454, 'wisozkllc.com', 'supplier@wisozkllc.com');
INSERT INTO Supplier VALUES (89857035, 'mertzbalistreriandaufderhar.com', 'supplier@mertzbalistreriandaufderhar.com');
INSERT INTO Supplier VALUES (28541066, 'kohlerinc.com', 'supplier@kohlerinc.com');
INSERT INTO Supplier VALUES (11341893, 'ebertswaniawskiandhettinger.com', 'supplier@ebertswaniawskiandhettinger.com');
INSERT INTO Supplier VALUES (41579036, 'westberge.com', 'supplier@westberge.com');
INSERT INTO Supplier VALUES (20574281, 'rodriguezadamsandhalvorson.com', 'supplier@rodriguezadamsandhalvorson.com');
INSERT INTO Supplier VALUES (22685412, 'stiedemannsteuber.com', 'supplier@stiedemannsteuber.com');
INSERT INTO Supplier VALUES (53223811, 'connellyinc.com', 'supplier@connellyinc.com');
INSERT INTO Supplier VALUES (57803481, 'faystromanandkeeling.com', 'supplier@faystromanandkeeling.com');
INSERT INTO Supplier VALUES (27999201, 'quigleybeierandbosco.com', 'supplier@quigleybeierandbosco.com');
INSERT INTO Supplier VALUES (63104673, 'ferryrempelandbartell.com', 'supplier@ferryrempelandbartell.com');
INSERT INTO Supplier VALUES (22701079, 'larkinhartmann.com', 'supplier@larkinhartmann.com');
INSERT INTO Supplier VALUES (35581014, 'brakusschmitt.com', 'supplier@brakusschmitt.com');
INSERT INTO Supplier VALUES (69731546, 'langoshkshlerin.com', 'supplier@langoshkshlerin.com');
INSERT INTO Supplier VALUES (27841482, 'starkfriesen.com', 'supplier@starkfriesen.com');
INSERT INTO Supplier VALUES (63993637, 'parkermetzandbernhard.com', 'supplier@parkermetzandbernhard.com');
INSERT INTO Supplier VALUES (89645116, 'hodkiewiczharberandschiller.com', 'supplier@hodkiewiczharberandschiller.com');
INSERT INTO Supplier VALUES (84712589, 'mertzandsons.com', 'supplier@mertzandsons.com');
INSERT INTO Supplier VALUES (98750321, 'robelhettingerandreinger.com', 'supplier@robelhettingerandreinger.com');
INSERT INTO Supplier VALUES (71586278, 'ritchieandsons.com', 'supplier@ritchieandsons.com');
INSERT INTO Supplier VALUES (59896563, 'nienowinc.com', 'supplier@nienowinc.com');
INSERT INTO Supplier VALUES (48584020, 'luettgenlindandschuppe.com', 'supplier@luettgenlindandschuppe.com');
INSERT INTO Supplier VALUES (12476256, 'spinkagroup.com', 'supplier@spinkagroup.com');
INSERT INTO Supplier VALUES (85686758, 'cummingshagenesandstroman.com', 'supplier@cummingshagenesandstroman.com');
INSERT INTO Supplier VALUES (26754799, 'torphyhagenesandbeier.com', 'supplier@torphyhagenesandbeier.com');
INSERT INTO Supplier VALUES (97705602, 'maggiorunteandmcclure.com', 'supplier@maggiorunteandmcclure.com');

-- Supplies

INSERT INTO Supplies VALUES (11256886, 18517828);
INSERT INTO Supplies VALUES (11256886, 47672407);
INSERT INTO Supplies VALUES (11256886, 73941743);
INSERT INTO Supplies VALUES (11341893, 14423821);
INSERT INTO Supplies VALUES (11341893, 74016761);
INSERT INTO Supplies VALUES (11341893, 86383092);
INSERT INTO Supplies VALUES (12476256, 10214173);
INSERT INTO Supplies VALUES (12476256, 16218173);
INSERT INTO Supplies VALUES (12476256, 21175747);
INSERT INTO Supplies VALUES (12476256, 47672407);
INSERT INTO Supplies VALUES (12476256, 51922324);
INSERT INTO Supplies VALUES (12476256, 52519087);
INSERT INTO Supplies VALUES (12476256, 52791614);
INSERT INTO Supplies VALUES (12476256, 80107466);
INSERT INTO Supplies VALUES (12476256, 88879750);
INSERT INTO Supplies VALUES (12476256, 95219711);
INSERT INTO Supplies VALUES (12732128, 10214173);
INSERT INTO Supplies VALUES (12732128, 14466473);
INSERT INTO Supplies VALUES (12732128, 16218173);
INSERT INTO Supplies VALUES (12732128, 34318586);
INSERT INTO Supplies VALUES (12732128, 39090920);
INSERT INTO Supplies VALUES (12732128, 51922324);
INSERT INTO Supplies VALUES (12732128, 60352376);
INSERT INTO Supplies VALUES (12732128, 60398734);
INSERT INTO Supplies VALUES (13156630, 18517828);
INSERT INTO Supplies VALUES (13156630, 52519087);
INSERT INTO Supplies VALUES (13156630, 60352376);
INSERT INTO Supplies VALUES (13156630, 80085129);
INSERT INTO Supplies VALUES (20574281, 37282756);
INSERT INTO Supplies VALUES (20574281, 51922324);
INSERT INTO Supplies VALUES (20574281, 80085129);
INSERT INTO Supplies VALUES (20574281, 89964315);
INSERT INTO Supplies VALUES (22623370, 10478561);
INSERT INTO Supplies VALUES (22623370, 30352096);
INSERT INTO Supplies VALUES (22623370, 37138506);
INSERT INTO Supplies VALUES (22623370, 49289688);
INSERT INTO Supplies VALUES (22685412, 10478561);
INSERT INTO Supplies VALUES (22685412, 80056194);
INSERT INTO Supplies VALUES (22685412, 80112213);
INSERT INTO Supplies VALUES (22701079, 10802975);
INSERT INTO Supplies VALUES (22701079, 15249852);
INSERT INTO Supplies VALUES (22701079, 27314601);
INSERT INTO Supplies VALUES (22701079, 30352096);
INSERT INTO Supplies VALUES (22701079, 39090920);
INSERT INTO Supplies VALUES (22701079, 42622303);
INSERT INTO Supplies VALUES (22701079, 60398734);
INSERT INTO Supplies VALUES (22701079, 61188408);
INSERT INTO Supplies VALUES (22701079, 63134464);
INSERT INTO Supplies VALUES (22701079, 80056194);
INSERT INTO Supplies VALUES (22701079, 80085129);
INSERT INTO Supplies VALUES (26155604, 10214173);
INSERT INTO Supplies VALUES (26155604, 34318586);
INSERT INTO Supplies VALUES (26155604, 52791614);
INSERT INTO Supplies VALUES (26155604, 80085129);
INSERT INTO Supplies VALUES (26155604, 80107466);
INSERT INTO Supplies VALUES (26155604, 86383092);
INSERT INTO Supplies VALUES (26754799, 14466473);
INSERT INTO Supplies VALUES (26754799, 15249852);
INSERT INTO Supplies VALUES (26754799, 27314601);
INSERT INTO Supplies VALUES (26754799, 49289688);
INSERT INTO Supplies VALUES (26754799, 60398734);
INSERT INTO Supplies VALUES (26754799, 86383092);
INSERT INTO Supplies VALUES (26754799, 99189515);
INSERT INTO Supplies VALUES (27659178, 17035572);
INSERT INTO Supplies VALUES (27659178, 18517828);
INSERT INTO Supplies VALUES (27659178, 60398734);
INSERT INTO Supplies VALUES (27659178, 89964315);
INSERT INTO Supplies VALUES (27841482, 10214173);
INSERT INTO Supplies VALUES (27841482, 14466473);
INSERT INTO Supplies VALUES (27841482, 18517828);
INSERT INTO Supplies VALUES (27841482, 21175747);
INSERT INTO Supplies VALUES (27841482, 61188408);
INSERT INTO Supplies VALUES (27841482, 81852802);
INSERT INTO Supplies VALUES (27999201, 17035572);
INSERT INTO Supplies VALUES (27999201, 80085129);
INSERT INTO Supplies VALUES (27999201, 87583644);
INSERT INTO Supplies VALUES (28541066, 15249852);
INSERT INTO Supplies VALUES (28541066, 16218173);
INSERT INTO Supplies VALUES (28541066, 27314601);
INSERT INTO Supplies VALUES (28541066, 30352096);
INSERT INTO Supplies VALUES (28541066, 36748517);
INSERT INTO Supplies VALUES (28541066, 52791614);
INSERT INTO Supplies VALUES (28769726, 26933758);
INSERT INTO Supplies VALUES (28769726, 42622303);
INSERT INTO Supplies VALUES (28769726, 94528109);
INSERT INTO Supplies VALUES (28769726, 95219711);
INSERT INTO Supplies VALUES (28769726, 99189515);
INSERT INTO Supplies VALUES (31821593, 26933758);
INSERT INTO Supplies VALUES (31821593, 39090920);
INSERT INTO Supplies VALUES (31821593, 60702819);
INSERT INTO Supplies VALUES (32557898, 10214173);
INSERT INTO Supplies VALUES (32557898, 14423821);
INSERT INTO Supplies VALUES (32557898, 17544563);
INSERT INTO Supplies VALUES (32557898, 61188408);
INSERT INTO Supplies VALUES (32557898, 80056194);
INSERT INTO Supplies VALUES (32557898, 86001789);
INSERT INTO Supplies VALUES (32557898, 94528109);
INSERT INTO Supplies VALUES (32557898, 99759883);
INSERT INTO Supplies VALUES (35581014, 18517828);
INSERT INTO Supplies VALUES (35581014, 36748517);
INSERT INTO Supplies VALUES (35581014, 37282756);
INSERT INTO Supplies VALUES (35581014, 80112213);
INSERT INTO Supplies VALUES (35581014, 81852802);
INSERT INTO Supplies VALUES (35581014, 86001789);
INSERT INTO Supplies VALUES (36761006, 10802975);
INSERT INTO Supplies VALUES (36761006, 17035572);
INSERT INTO Supplies VALUES (36761006, 18517828);
INSERT INTO Supplies VALUES (36761006, 21175747);
INSERT INTO Supplies VALUES (36761006, 27314601);
INSERT INTO Supplies VALUES (36761006, 52791614);
INSERT INTO Supplies VALUES (36761006, 61188408);
INSERT INTO Supplies VALUES (41579036, 10214173);
INSERT INTO Supplies VALUES (41579036, 17035572);
INSERT INTO Supplies VALUES (41579036, 37138506);
INSERT INTO Supplies VALUES (41579036, 37282756);
INSERT INTO Supplies VALUES (41579036, 52519087);
INSERT INTO Supplies VALUES (41579036, 60702819);
INSERT INTO Supplies VALUES (41579036, 80085129);
INSERT INTO Supplies VALUES (41579036, 80107466);
INSERT INTO Supplies VALUES (41579036, 88879750);
INSERT INTO Supplies VALUES (41579036, 97610389);
INSERT INTO Supplies VALUES (43641803, 10478561);
INSERT INTO Supplies VALUES (43641803, 10802975);
INSERT INTO Supplies VALUES (43641803, 62671753);
INSERT INTO Supplies VALUES (43641803, 87583644);
INSERT INTO Supplies VALUES (43641803, 89964315);
INSERT INTO Supplies VALUES (48584020, 16218173);
INSERT INTO Supplies VALUES (48584020, 63134464);
INSERT INTO Supplies VALUES (48584020, 81852802);
INSERT INTO Supplies VALUES (48584020, 88879750);
INSERT INTO Supplies VALUES (48756127, 21175747);
INSERT INTO Supplies VALUES (48756127, 60352376);
INSERT INTO Supplies VALUES (48756127, 62671753);
INSERT INTO Supplies VALUES (48756127, 73941743);
INSERT INTO Supplies VALUES (48756127, 80056194);
INSERT INTO Supplies VALUES (48756127, 80112213);
INSERT INTO Supplies VALUES (51591040, 15249852);
INSERT INTO Supplies VALUES (51591040, 18517828);
INSERT INTO Supplies VALUES (51591040, 47672407);
INSERT INTO Supplies VALUES (51591040, 52791614);
INSERT INTO Supplies VALUES (51591040, 60398734);
INSERT INTO Supplies VALUES (51591040, 81852802);
INSERT INTO Supplies VALUES (51591040, 86001789);
INSERT INTO Supplies VALUES (51591040, 88879750);
INSERT INTO Supplies VALUES (51591040, 99189515);
INSERT INTO Supplies VALUES (53223811, 15249852);
INSERT INTO Supplies VALUES (53223811, 17544563);
INSERT INTO Supplies VALUES (53223811, 30352096);
INSERT INTO Supplies VALUES (53223811, 34318586);
INSERT INTO Supplies VALUES (53223811, 60398734);
INSERT INTO Supplies VALUES (53223811, 62671753);
INSERT INTO Supplies VALUES (53223811, 63134464);
INSERT INTO Supplies VALUES (53223811, 80056194);
INSERT INTO Supplies VALUES (53223811, 80112213);
INSERT INTO Supplies VALUES (53223811, 97610389);
INSERT INTO Supplies VALUES (53405108, 17544563);
INSERT INTO Supplies VALUES (53405108, 60702819);
INSERT INTO Supplies VALUES (53405108, 61927797);
INSERT INTO Supplies VALUES (53405108, 87583644);
INSERT INTO Supplies VALUES (53405108, 89964315);
INSERT INTO Supplies VALUES (57803481, 14466473);
INSERT INTO Supplies VALUES (57803481, 26933758);
INSERT INTO Supplies VALUES (57803481, 34318586);
INSERT INTO Supplies VALUES (57803481, 80112213);
INSERT INTO Supplies VALUES (57803481, 86001789);
INSERT INTO Supplies VALUES (57803481, 88879750);
INSERT INTO Supplies VALUES (57803481, 95219711);
INSERT INTO Supplies VALUES (59896563, 27314601);
INSERT INTO Supplies VALUES (59896563, 47672407);
INSERT INTO Supplies VALUES (59896563, 60702819);
INSERT INTO Supplies VALUES (60778235, 15249852);
INSERT INTO Supplies VALUES (60778235, 47672407);
INSERT INTO Supplies VALUES (60778235, 80085129);
INSERT INTO Supplies VALUES (63104673, 10214173);
INSERT INTO Supplies VALUES (63104673, 74016761);
INSERT INTO Supplies VALUES (63104673, 87583644);
INSERT INTO Supplies VALUES (63104673, 99189515);
INSERT INTO Supplies VALUES (63993637, 15249852);
INSERT INTO Supplies VALUES (63993637, 17544563);
INSERT INTO Supplies VALUES (63993637, 37282756);
INSERT INTO Supplies VALUES (63993637, 61927797);
INSERT INTO Supplies VALUES (63993637, 80085129);
INSERT INTO Supplies VALUES (63993637, 99759883);
INSERT INTO Supplies VALUES (69731546, 14423821);
INSERT INTO Supplies VALUES (69731546, 30352096);
INSERT INTO Supplies VALUES (69731546, 60702819);
INSERT INTO Supplies VALUES (69731546, 80056194);
INSERT INTO Supplies VALUES (69731546, 99189515);
INSERT INTO Supplies VALUES (70681070, 10214173);
INSERT INTO Supplies VALUES (70681070, 21175747);
INSERT INTO Supplies VALUES (70681070, 26933758);
INSERT INTO Supplies VALUES (70681070, 34318586);
INSERT INTO Supplies VALUES (70681070, 36748517);
INSERT INTO Supplies VALUES (70681070, 47672407);
INSERT INTO Supplies VALUES (70681070, 52519087);
INSERT INTO Supplies VALUES (70681070, 60352376);
INSERT INTO Supplies VALUES (70681070, 86001789);
INSERT INTO Supplies VALUES (70681070, 86383092);
INSERT INTO Supplies VALUES (70681070, 95219711);
INSERT INTO Supplies VALUES (71586278, 10478561);
INSERT INTO Supplies VALUES (71586278, 34318586);
INSERT INTO Supplies VALUES (71586278, 37138506);
INSERT INTO Supplies VALUES (71586278, 51922324);
INSERT INTO Supplies VALUES (71586278, 61188408);
INSERT INTO Supplies VALUES (71586278, 87583644);
INSERT INTO Supplies VALUES (72041044, 52519087);
INSERT INTO Supplies VALUES (72041044, 60702819);
INSERT INTO Supplies VALUES (72041044, 73941743);
INSERT INTO Supplies VALUES (72041044, 80056194);
INSERT INTO Supplies VALUES (72041044, 80085129);
INSERT INTO Supplies VALUES (72041044, 99759883);
INSERT INTO Supplies VALUES (75622454, 14466473);
INSERT INTO Supplies VALUES (75622454, 17035572);
INSERT INTO Supplies VALUES (75622454, 80085129);
INSERT INTO Supplies VALUES (75622454, 86001789);
INSERT INTO Supplies VALUES (79172137, 14423821);
INSERT INTO Supplies VALUES (79172137, 80056194);
INSERT INTO Supplies VALUES (79172137, 99189515);
INSERT INTO Supplies VALUES (79172137, 99759883);
INSERT INTO Supplies VALUES (83845040, 27314601);
INSERT INTO Supplies VALUES (83845040, 60398734);
INSERT INTO Supplies VALUES (83845040, 63134464);
INSERT INTO Supplies VALUES (83845040, 88879750);
INSERT INTO Supplies VALUES (83845040, 95219711);
INSERT INTO Supplies VALUES (83845040, 99759883);
INSERT INTO Supplies VALUES (84712589, 16218173);
INSERT INTO Supplies VALUES (84712589, 47672407);
INSERT INTO Supplies VALUES (84712589, 61927797);
INSERT INTO Supplies VALUES (84712589, 74016761);
INSERT INTO Supplies VALUES (84712589, 80112213);
INSERT INTO Supplies VALUES (84712589, 81852802);
INSERT INTO Supplies VALUES (84712589, 94528109);
INSERT INTO Supplies VALUES (85686758, 37138506);
INSERT INTO Supplies VALUES (85686758, 37282756);
INSERT INTO Supplies VALUES (85686758, 47672407);
INSERT INTO Supplies VALUES (85686758, 80112213);
INSERT INTO Supplies VALUES (85686758, 94528109);
INSERT INTO Supplies VALUES (85686758, 97610389);
INSERT INTO Supplies VALUES (85686758, 99189515);
INSERT INTO Supplies VALUES (86561947, 10802975);
INSERT INTO Supplies VALUES (86561947, 30352096);
INSERT INTO Supplies VALUES (86561947, 52519087);
INSERT INTO Supplies VALUES (86561947, 63134464);
INSERT INTO Supplies VALUES (86561947, 86001789);
INSERT INTO Supplies VALUES (89645116, 10711209);
INSERT INTO Supplies VALUES (89645116, 16218173);
INSERT INTO Supplies VALUES (89645116, 18517828);
INSERT INTO Supplies VALUES (89645116, 49289688);
INSERT INTO Supplies VALUES (89645116, 60398734);
INSERT INTO Supplies VALUES (89645116, 89964315);
INSERT INTO Supplies VALUES (89645116, 94528109);
INSERT INTO Supplies VALUES (89857035, 10214173);
INSERT INTO Supplies VALUES (89857035, 10478561);
INSERT INTO Supplies VALUES (89857035, 14423821);
INSERT INTO Supplies VALUES (89857035, 17544563);
INSERT INTO Supplies VALUES (89857035, 36748517);
INSERT INTO Supplies VALUES (89857035, 37138506);
INSERT INTO Supplies VALUES (89857035, 63134464);
INSERT INTO Supplies VALUES (90677070, 10478561);
INSERT INTO Supplies VALUES (90677070, 14423821);
INSERT INTO Supplies VALUES (90677070, 42622303);
INSERT INTO Supplies VALUES (90677070, 60398734);
INSERT INTO Supplies VALUES (90677070, 62671753);
INSERT INTO Supplies VALUES (90677070, 73941743);
INSERT INTO Supplies VALUES (90677070, 81852802);
INSERT INTO Supplies VALUES (90677070, 99759883);
INSERT INTO Supplies VALUES (95276660, 26933758);
INSERT INTO Supplies VALUES (95276660, 37282756);
INSERT INTO Supplies VALUES (95276660, 39090920);
INSERT INTO Supplies VALUES (95276660, 60398734);
INSERT INTO Supplies VALUES (95276660, 86383092);
INSERT INTO Supplies VALUES (95276660, 87583644);
INSERT INTO Supplies VALUES (95276660, 88879750);
INSERT INTO Supplies VALUES (96396423, 14466473);
INSERT INTO Supplies VALUES (96396423, 16218173);
INSERT INTO Supplies VALUES (96396423, 17035572);
INSERT INTO Supplies VALUES (96396423, 37138506);
INSERT INTO Supplies VALUES (96396423, 62671753);
INSERT INTO Supplies VALUES (96396423, 80112213);
INSERT INTO Supplies VALUES (96396423, 99189515);
INSERT INTO Supplies VALUES (97705602, 10214173);
INSERT INTO Supplies VALUES (97705602, 37282756);
INSERT INTO Supplies VALUES (97705602, 80056194);
INSERT INTO Supplies VALUES (97705602, 81852802);
INSERT INTO Supplies VALUES (97705602, 89964315);
INSERT INTO Supplies VALUES (98750321, 15249852);
INSERT INTO Supplies VALUES (98750321, 61927797);
INSERT INTO Supplies VALUES (99758093, 26933758);

-- Accounts receivable

INSERT INTO Account_receivable VALUES (11256886, 190789.7);
INSERT INTO Account_receivable VALUES (13156630, 92935.45);
INSERT INTO Account_receivable VALUES (36761006, 201537.4);
INSERT INTO Account_receivable VALUES (99758093, 367411.56);
INSERT INTO Account_receivable VALUES (60778235, 319550.11);
INSERT INTO Account_receivable VALUES (43641803, 305917.99);
INSERT INTO Account_receivable VALUES (48756127, 91102.21);
INSERT INTO Account_receivable VALUES (28769726, 242771.7);
INSERT INTO Account_receivable VALUES (32557898, 36697.91);
INSERT INTO Account_receivable VALUES (83845040, 69740.06);
INSERT INTO Account_receivable VALUES (72041044, 50780.2);
INSERT INTO Account_receivable VALUES (95276660, 47176.18);
INSERT INTO Account_receivable VALUES (53405108, 208115.77);
INSERT INTO Account_receivable VALUES (12732128, 206177.69);
INSERT INTO Account_receivable VALUES (27659178, 157516.06);
INSERT INTO Account_receivable VALUES (31821593, 293121.23);
INSERT INTO Account_receivable VALUES (70681070, 183395.93);
INSERT INTO Account_receivable VALUES (26155604, 59174.83);
INSERT INTO Account_receivable VALUES (86561947, 150438.0);
INSERT INTO Account_receivable VALUES (51591040, 139497.2);
INSERT INTO Account_receivable VALUES (79172137, 220314.62);
INSERT INTO Account_receivable VALUES (96396423, 49230.36);
INSERT INTO Account_receivable VALUES (90677070, 77064.56);
INSERT INTO Account_receivable VALUES (22623370, 315159.31);
INSERT INTO Account_receivable VALUES (75622454, 41709.3);
INSERT INTO Account_receivable VALUES (89857035, 91301.26);
INSERT INTO Account_receivable VALUES (28541066, 382256.63);
INSERT INTO Account_receivable VALUES (11341893, 376564.63);
INSERT INTO Account_receivable VALUES (41579036, 319245.47);
INSERT INTO Account_receivable VALUES (20574281, 288065.78);
INSERT INTO Account_receivable VALUES (22685412, 194850.92);
INSERT INTO Account_receivable VALUES (53223811, 281392.29);
INSERT INTO Account_receivable VALUES (57803481, 102861.3);
INSERT INTO Account_receivable VALUES (27999201, 304359.76);
INSERT INTO Account_receivable VALUES (63104673, 62590.73);
INSERT INTO Account_receivable VALUES (22701079, 248128.1);
INSERT INTO Account_receivable VALUES (35581014, 316218.08);
INSERT INTO Account_receivable VALUES (69731546, 269104.82);
INSERT INTO Account_receivable VALUES (27841482, 346674.93);
INSERT INTO Account_receivable VALUES (63993637, 145322.15);
INSERT INTO Account_receivable VALUES (89645116, 244060.16);
INSERT INTO Account_receivable VALUES (84712589, 311703.34);
INSERT INTO Account_receivable VALUES (98750321, 303413.26);
INSERT INTO Account_receivable VALUES (71586278, 116213.84);
INSERT INTO Account_receivable VALUES (59896563, 219376.12);
INSERT INTO Account_receivable VALUES (48584020, 215502.31);
INSERT INTO Account_receivable VALUES (12476256, 327598.65);
INSERT INTO Account_receivable VALUES (85686758, 158583.44);
INSERT INTO Account_receivable VALUES (26754799, 162769.64);
INSERT INTO Account_receivable VALUES (97705602, 172313.63);

-- makes

INSERT INTO makes VALUES (10214173, '1-006', 14);
INSERT INTO makes VALUES (10214173, '1-010', 39);
INSERT INTO makes VALUES (10214173, '1-015', 15);
INSERT INTO makes VALUES (10478561, '1-002', 17);
INSERT INTO makes VALUES (10478561, '1-003', 8);
INSERT INTO makes VALUES (10478561, '1-008', 45);
INSERT INTO makes VALUES (10478561, '1-014', 4);
INSERT INTO makes VALUES (10478561, '1-015', 50);
INSERT INTO makes VALUES (10711209, '1-010', 23);
INSERT INTO makes VALUES (10711209, '1-011', 30);
INSERT INTO makes VALUES (10802975, '1-004', 28);
INSERT INTO makes VALUES (10802975, '1-012', 41);
INSERT INTO makes VALUES (14423821, '1-002', 41);
INSERT INTO makes VALUES (14423821, '1-015', 18);
INSERT INTO makes VALUES (14466473, '1-009', 44);
INSERT INTO makes VALUES (14466473, '1-014', 29);
INSERT INTO makes VALUES (15249852, '1-008', 8);
INSERT INTO makes VALUES (15249852, '1-009', 19);
INSERT INTO makes VALUES (15249852, '1-011', 41);
INSERT INTO makes VALUES (16218173, '1-008', 5);
INSERT INTO makes VALUES (16218173, '1-014', 46);
INSERT INTO makes VALUES (16218173, '1-015', 44);
INSERT INTO makes VALUES (17035572, '1-001', 31);
INSERT INTO makes VALUES (17035572, '1-010', 25);
INSERT INTO makes VALUES (17035572, '1-015', 47);
INSERT INTO makes VALUES (17544563, '1-004', 6);
INSERT INTO makes VALUES (17544563, '1-012', 41);
INSERT INTO makes VALUES (17544563, '1-014', 13);
INSERT INTO makes VALUES (18517828, '1-001', 47);
INSERT INTO makes VALUES (18517828, '1-004', 6);
INSERT INTO makes VALUES (18517828, '1-005', 15);
INSERT INTO makes VALUES (18517828, '1-013', 14);
INSERT INTO makes VALUES (18517828, '1-014', 48);
INSERT INTO makes VALUES (21175747, '1-013', 10);
INSERT INTO makes VALUES (26933758, '1-001', 12);
INSERT INTO makes VALUES (26933758, '1-002', 7);
INSERT INTO makes VALUES (26933758, '1-012', 26);
INSERT INTO makes VALUES (26933758, '1-015', 49);
INSERT INTO makes VALUES (27314601, '1-009', 28);
INSERT INTO makes VALUES (27314601, '1-012', 25);
INSERT INTO makes VALUES (27314601, '1-013', 29);
INSERT INTO makes VALUES (27314601, '1-015', 13);
INSERT INTO makes VALUES (30352096, '1-002', 34);
INSERT INTO makes VALUES (30352096, '1-011', 35);
INSERT INTO makes VALUES (34318586, '1-013', 33);
INSERT INTO makes VALUES (36748517, '1-002', 30);
INSERT INTO makes VALUES (36748517, '1-010', 43);
INSERT INTO makes VALUES (37138506, '1-004', 44);
INSERT INTO makes VALUES (37138506, '1-012', 46);
INSERT INTO makes VALUES (37138506, '1-013', 15);
INSERT INTO makes VALUES (37282756, '1-002', 44);
INSERT INTO makes VALUES (37282756, '1-006', 31);
INSERT INTO makes VALUES (37282756, '1-007', 17);
INSERT INTO makes VALUES (37282756, '1-010', 40);
INSERT INTO makes VALUES (37282756, '1-011', 32);
INSERT INTO makes VALUES (37282756, '1-014', 20);
INSERT INTO makes VALUES (39090920, '1-009', 12);
INSERT INTO makes VALUES (42622303, '1-004', 22);
INSERT INTO makes VALUES (42622303, '1-005', 32);
INSERT INTO makes VALUES (47672407, '1-002', 48);
INSERT INTO makes VALUES (47672407, '1-007', 12);
INSERT INTO makes VALUES (47672407, '1-015', 7);
INSERT INTO makes VALUES (49289688, '1-001', 17);
INSERT INTO makes VALUES (49289688, '1-002', 35);
INSERT INTO makes VALUES (51922324, '1-007', 30);
INSERT INTO makes VALUES (51922324, '1-013', 12);
INSERT INTO makes VALUES (52519087, '1-001', 17);
INSERT INTO makes VALUES (52791614, '1-004', 12);
INSERT INTO makes VALUES (52791614, '1-014', 13);
INSERT INTO makes VALUES (60352376, '1-015', 6);
INSERT INTO makes VALUES (60398734, '1-003', 1);
INSERT INTO makes VALUES (60398734, '1-005', 24);
INSERT INTO makes VALUES (60702819, '1-003', 10);
INSERT INTO makes VALUES (60702819, '1-008', 31);
INSERT INTO makes VALUES (61188408, '1-003', 11);
INSERT INTO makes VALUES (61188408, '1-006', 6);
INSERT INTO makes VALUES (61188408, '1-009', 22);
INSERT INTO makes VALUES (61188408, '1-010', 40);
INSERT INTO makes VALUES (61927797, '1-002', 33);
INSERT INTO makes VALUES (61927797, '1-003', 19);
INSERT INTO makes VALUES (61927797, '1-005', 24);
INSERT INTO makes VALUES (61927797, '1-010', 25);
INSERT INTO makes VALUES (62671753, '1-002', 23);
INSERT INTO makes VALUES (62671753, '1-003', 41);
INSERT INTO makes VALUES (62671753, '1-004', 8);
INSERT INTO makes VALUES (62671753, '1-011', 36);
INSERT INTO makes VALUES (62671753, '1-015', 9);
INSERT INTO makes VALUES (63134464, '1-013', 50);
INSERT INTO makes VALUES (73941743, '1-004', 3);
INSERT INTO makes VALUES (73941743, '1-007', 13);
INSERT INTO makes VALUES (73941743, '1-008', 14);
INSERT INTO makes VALUES (73941743, '1-013', 33);
INSERT INTO makes VALUES (73941743, '1-015', 34);
INSERT INTO makes VALUES (74016761, '1-001', 21);
INSERT INTO makes VALUES (74016761, '1-005', 17);
INSERT INTO makes VALUES (74016761, '1-010', 14);
INSERT INTO makes VALUES (74016761, '1-011', 48);
INSERT INTO makes VALUES (74016761, '1-013', 25);
INSERT INTO makes VALUES (80056194, '1-005', 28);
INSERT INTO makes VALUES (80056194, '1-006', 24);
INSERT INTO makes VALUES (80056194, '1-007', 11);
INSERT INTO makes VALUES (80085129, '1-005', 22);
INSERT INTO makes VALUES (80085129, '1-006', 42);
INSERT INTO makes VALUES (80085129, '1-009', 22);
INSERT INTO makes VALUES (80107466, '1-012', 10);
INSERT INTO makes VALUES (80107466, '1-013', 35);
INSERT INTO makes VALUES (80112213, '1-004', 30);
INSERT INTO makes VALUES (80112213, '1-014', 48);
INSERT INTO makes VALUES (86001789, '1-006', 15);
INSERT INTO makes VALUES (86001789, '1-008', 19);
INSERT INTO makes VALUES (86383092, '1-007', 47);
INSERT INTO makes VALUES (86383092, '1-009', 41);
INSERT INTO makes VALUES (86383092, '1-015', 28);
INSERT INTO makes VALUES (87583644, '1-012', 37);
INSERT INTO makes VALUES (87583644, '1-013', 16);
INSERT INTO makes VALUES (88879750, '1-008', 12);
INSERT INTO makes VALUES (89964315, '1-004', 27);
INSERT INTO makes VALUES (89964315, '1-007', 49);
INSERT INTO makes VALUES (94528109, '1-001', 47);
INSERT INTO makes VALUES (94528109, '1-007', 12);
INSERT INTO makes VALUES (94528109, '1-008', 8);
INSERT INTO makes VALUES (94528109, '1-013', 29);
INSERT INTO makes VALUES (95219711, '1-001', 42);
INSERT INTO makes VALUES (95219711, '1-008', 33);
INSERT INTO makes VALUES (95219711, '1-011', 7);
INSERT INTO makes VALUES (97610389, '1-004', 46);
INSERT INTO makes VALUES (97610389, '1-010', 44);
INSERT INTO makes VALUES (97610389, '1-014', 31);
INSERT INTO makes VALUES (99189515, '1-002', 14);
INSERT INTO makes VALUES (99189515, '1-015', 18);
INSERT INTO makes VALUES (99759883, '1-005', 28);
INSERT INTO makes VALUES (99759883, '1-008', 9);
INSERT INTO makes VALUES (99759883, '1-009', 24);
INSERT INTO makes VALUES (99759883, '1-012', 14);
INSERT INTO makes VALUES (99759883, '1-014', 27);

-- Factory employees

INSERT INTO Employee VALUES (1, 61188408, 'Ernestus', 'Brooks', 'C', '41', 'Susan', null, 'Charleston', 'WV', '25389', 'ebrooks0@sogou.com', 'Male');
INSERT INTO Employee VALUES (2, 17544563, 'Yvette', 'Stockman', 'W', '774', 'Tony', '09640', 'Morgantown', 'WV', '26505', 'ystockman1@washington.edu', 'Female');
INSERT INTO Employee VALUES (3, 34318586, 'Byram', 'Buckell', 'U', '52419', 'Messerschmidt', null, 'Dulles', 'VA', '20189', 'bbuckell2@arstechnica.com', 'Male');
INSERT INTO Employee VALUES (4, 88879750, 'Hedwig', 'Bainton', 'Q', '45702', 'Arrowood', null, 'Saginaw', 'MI', '48609', 'hbainton3@deviantart.com', 'Female');
INSERT INTO Employee VALUES (5, 52519087, 'Fanechka', 'Highton', null, '55', 'Mallard', null, 'Nashville', 'TN', '37245', 'fhighton4@google.de', 'Female');
INSERT INTO Employee VALUES (6, 27314601, 'Maurizia', 'Youde', 'I', '12', 'Village', null, 'Washington', 'DC', '20244', 'myoude5@state.gov', 'Female');
INSERT INTO Employee VALUES (7, 30352096, 'Tiffany', 'Goracci', 'K', '873', 'Westport', '0747', 'Dallas', 'TX', '75251', 'tgoracci6@craigslist.org', 'Female');
INSERT INTO Employee VALUES (8, 80056194, 'Sharia', 'Paschke', null, '9433', 'Emmet', '9', 'Fresno', 'CA', '93740', 'spaschke7@ifeng.com', 'Female');
INSERT INTO Employee VALUES (9, 14466473, 'Ardys', 'Treasure', 'R', '5625', 'Mockingbird', '76', 'Oklahoma City', 'OK', '73142', 'atreasure8@xrea.com', 'Female');
INSERT INTO Employee VALUES (10, 27314601, 'Wye', 'Pleace', 'U', '95', 'Sycamore', null, 'Dallas', 'TX', '75353', 'wpleace9@bizjournals.com', 'Male');
INSERT INTO Employee VALUES (11, 26933758, 'Mitchael', 'Oaten', 'H', '7093', 'Hooker', null, 'Minneapolis', 'MN', '55428', 'moatena@last.fm', 'Male');
INSERT INTO Employee VALUES (12, 99759883, 'Hyacinthie', 'Chaff', 'R', '0946', 'Kipling', '4', 'Staten Island', 'NY', '10305', 'hchaffb@stumbleupon.com', 'Female');
INSERT INTO Employee VALUES (13, 10214173, 'Lanny', 'Dodsley', 'E', '26', 'Sunnyside', '01', 'Naples', 'FL', '34102', 'ldodsleyc@columbia.edu', 'Male');
INSERT INTO Employee VALUES (14, 39090920, 'Louise', 'Coundley', null, '7996', 'Glacier Hill', null, 'Oklahoma City', 'OK', '73104', 'lcoundleyd@chron.com', 'Female');
INSERT INTO Employee VALUES (15, 27314601, 'Gwenni', 'Aizikovich', null, '96', 'Eastlawn', null, 'Washington', 'DC', '20016', 'gaizikoviche@studiopress.com', 'Female');
INSERT INTO Employee VALUES (16, 87583644, 'Evonne', 'McPolin', 'R', '3', 'Tennessee', '61', 'Greensboro', 'NC', '27455', 'emcpolinf@slideshare.net', 'Female');
INSERT INTO Employee VALUES (17, 95219711, 'Gib', 'Harvison', null, '1179', 'Bonner', null, 'Murfreesboro', 'TN', '37131', 'gharvisong@wsj.com', 'Male');
INSERT INTO Employee VALUES (18, 80112213, 'Dell', 'Kobisch', 'N', '52687', 'Carioca', null, 'San Bernardino', 'CA', '92424', 'dkobischh@gov.uk', 'Male');
INSERT INTO Employee VALUES (19, 16218173, 'Townie', 'Hallsworth', 'I', '97501', 'Katie', null, 'Tampa', 'FL', '33610', 'thallsworthi@naver.com', 'Male');
INSERT INTO Employee VALUES (20, 88879750, 'Melloney', 'Bestar', 'A', '00226', 'Cordelia', '6', 'Des Moines', 'IA', '50310', 'mbestarj@fda.gov', 'Female');



-- Factory jobs

INSERT INTO Job VALUES (75023807, 'Environmental Field Professional', '17-3025.00', 'full-time', 113045, 'salary', 39090920);
INSERT INTO Job VALUES (67687216, 'Rework Specialist', '17-3024.00', 'part-time', 19, 'wage', 27314601);
INSERT INTO Job VALUES (56782117, 'Technical Analyst', '17-3029.07', 'part-time', 34, 'wage', 62671753);
INSERT INTO Job VALUES (23811927, 'Calibration Technician', '17-3023.01', 'full-time', 104886, 'salary', 10214173);
INSERT INTO Job VALUES (42260833, 'Test Technician', '17-3029.09', 'full-time', 124679, 'salary', 17035572);
INSERT INTO Job VALUES (66589447, 'Fiber Optics Specialist', '17-3029.08', 'full-time', 151784, 'salary', 14423821);
INSERT INTO Job VALUES (38300527, 'Optical Electronics Technologist', '17-3029.04', 'full-time', 240409, 'salary', 34318586);
INSERT INTO Job VALUES (92271986, 'Fuel Cell Product Assembly Technician', '17-3029.10', 'full-time', 183162, 'salary', 47672407);
INSERT INTO Job VALUES (72036127, 'Sprinkler Design Technician', '17-3022.00', 'full-time', 132359, 'salary', 27314601);
INSERT INTO Job VALUES (64864253, 'Advanced Diagnostics Engineering Specialist', '17-3029.05', 'part-time', 32, 'wage', 14423821);
INSERT INTO Job VALUES (25102725, 'Instrumentation Technician', '17-3024.00', 'part-time', 36, 'wage', 42622303);
INSERT INTO Job VALUES (31123770, 'Environmental Field Laborer', '17-3025.00', 'part-time', 16, 'wage', 52791614);
INSERT INTO Job VALUES (95516208, 'Flight Readiness Technician', '17-3021.00', 'full-time', 94849, 'salary', 15249852);
INSERT INTO Job VALUES (86132211, 'Service Technician', '17-3024.00', 'part-time', 33, 'wage', 60352376);
INSERT INTO Job VALUES (46427382, 'Quality Technician', '17-3025.00', 'part-time', 32, 'wage', 62671753);
INSERT INTO Job VALUES (16816875, 'Plastic Parts Designer', '17-3029.04', 'part-time', 22, 'wage', 18517828);
INSERT INTO Job VALUES (32266635, 'Test Technician', '17-3021.00', 'part-time', 31, 'wage', 17544563);
INSERT INTO Job VALUES (39713270, 'Engineering Technician', '17-3023.03', 'part-time', 27, 'wage', 17035572);
INSERT INTO Job VALUES (54363791, 'Electromechanical Specialist', '17-3024.00', 'full-time', 223391, 'salary', 99189515);
INSERT INTO Job VALUES (62674078, 'Test Technician', '17-3029.01', 'part-time', 28, 'wage', 61927797);
INSERT INTO Job VALUES (70291418, 'Test Specialist', '17-3021.00', 'full-time', 138834, 'salary', 15249852);
INSERT INTO Job VALUES (85352964, 'Facilities Technician', '17-3023.03', 'full-time', 173972, 'salary', 14423821);
INSERT INTO Job VALUES (29945685, 'Soil Field Technician', '17-3025.00', 'full-time', 118005, 'salary', 36748517);
INSERT INTO Job VALUES (58430943, 'Test Technologist', '17-3029.03', 'part-time', 26, 'wage', 61927797);
INSERT INTO Job VALUES (41055586, 'Engineering Technologist', '17-3029.05', 'full-time', 116896, 'salary', 10478561);
INSERT INTO Job VALUES (21024482, 'Advanced Manufacturing Consultant', '17-3029.05', 'part-time', 32, 'wage', 21175747);
INSERT INTO Job VALUES (58051471, 'Engineering Assistant', '17-3025.00', 'part-time', 30, 'wage', 81852802);
INSERT INTO Job VALUES (13877049, 'Engineering Technician', '17-3022.00', 'part-time', 28, 'wage', 97610389);
INSERT INTO Job VALUES (23879057, 'Rework Technician', '17-3024.00', 'full-time', 190473, 'salary', 60352376);
INSERT INTO Job VALUES (69385667, 'Parts Designer', '17-3029.04', 'part-time', 19, 'wage', 80107466);
INSERT INTO Job VALUES (32695546, 'Engineering Analyst', '17-3029.07', 'full-time', 115138, 'salary', 88879750);
INSERT INTO Job VALUES (41342814, 'Analog Circuit Designer', '17-3029.04', 'full-time', 222770, 'salary', 61188408);
INSERT INTO Job VALUES (46035406, 'Manufacturing Specialist', '17-3029.09', 'full-time', 125576, 'salary', 87583644);
INSERT INTO Job VALUES (20123981, 'Technical Analyst', '17-3029.07', 'part-time', 27, 'wage', 52519087);
INSERT INTO Job VALUES (95602044, 'Fiber Optics Specialist', '17-3029.08', 'part-time', 25, 'wage', 34318586);
INSERT INTO Job VALUES (27348964, 'Strain Technician', '17-3029.08', 'part-time', 16, 'wage', 61188408);
INSERT INTO Job VALUES (87375695, 'Piping Designer', '17-3013.00', 'full-time', 79722, 'salary', 60398734);
INSERT INTO Job VALUES (23909173, 'Engineering Technician', '17-3022.00', 'full-time', 215367, 'salary', 18517828);
INSERT INTO Job VALUES (99818411, 'Instrumentation Technician', '17-3023.03', 'full-time', 248545, 'salary', 15249852);
INSERT INTO Job VALUES (64673755, 'Rework Technician', '17-3024.00', 'part-time', 25, 'wage', 37282756);
INSERT INTO Job VALUES (94125642, 'Materials Specialist', '17-3029.06', 'part-time', 25, 'wage', 63134464);
INSERT INTO Job VALUES (76266404, 'Environmental Field Professional', '17-3025.00', 'part-time', 39, 'wage', 80056194);
INSERT INTO Job VALUES (47511334, 'Analog Circuit Designer', '17-3029.04', 'part-time', 38, 'wage', 36748517);
INSERT INTO Job VALUES (25863908, 'Low Voltage Technician', '17-3023.01', 'part-time', 33, 'wage', 18517828);
INSERT INTO Job VALUES (63453388, 'Fiber Optics Specialist', '17-3029.08', 'part-time', 36, 'wage', 86001789);
INSERT INTO Job VALUES (80641242, 'Generation Technologist', '17-3029.02', 'part-time', 37, 'wage', 21175747);
INSERT INTO Job VALUES (87026313, 'Prototyper', '17-3029.02', 'part-time', 26, 'wage', 87583644);
INSERT INTO Job VALUES (19011865, 'Fuel Cell Assembler', '17-3029.10', 'part-time', 30, 'wage', 52519087);
INSERT INTO Job VALUES (43679106, 'Fiber Optics Supervisor', '17-3029.08', 'part-time', 33, 'wage', 42622303);
INSERT INTO Job VALUES (87519488, 'Engineering Technician (Engineering Tech)', '17-3023.01', 'full-time', 216882, 'salary', 34318586);
INSERT INTO Job VALUES (84365467, 'Mechanical Technician', '17-3024.00', 'full-time', 98218, 'salary', 10478561);
INSERT INTO Job VALUES (62638693, 'CADD Operator (Computer Aided Drafting/Design Operator)', '17-3012.01', 'full-time', 72160, 'salary', 15249852);
INSERT INTO Job VALUES (24859104, 'Instrumentation Instructor', '17-3029.04', 'part-time', 16, 'wage', 74016761);
INSERT INTO Job VALUES (56568494, 'Design Technologist', '17-3029.02', 'full-time', 226248, 'salary', 61188408);
INSERT INTO Job VALUES (12897748, 'Air Moving Technician', '17-3025.00', 'part-time', 25, 'wage', 60702819);
INSERT INTO Job VALUES (18591337, 'Rework Specialist', '17-3024.00', 'part-time', 37, 'wage', 39090920);
INSERT INTO Job VALUES (25033132, 'Drafter', '17-3012.01', 'full-time', 68416, 'salary', 52791614);
INSERT INTO Job VALUES (49144373, 'Electrical Designer', '17-3012.02', 'full-time', 244254, 'salary', 99759883);
INSERT INTO Job VALUES (76944262, 'Soil Field Technician', '17-3025.00', 'part-time', 38, 'wage', 86383092);
INSERT INTO Job VALUES (19442077, 'Fiber Optics Design Technician', '17-3029.08', 'part-time', 26, 'wage', 63134464);
INSERT INTO Job VALUES (77289835, 'Process Technician', '17-3029.09', 'full-time', 180543, 'salary', 15249852);
INSERT INTO Job VALUES (71231258, 'Soil Field Technician', '17-3025.00', 'part-time', 40, 'wage', 37282756);
INSERT INTO Job VALUES (41092159, 'Durability Technician', '17-3027.01', 'part-time', 36, 'wage', 10478561);
INSERT INTO Job VALUES (82315886, 'RF Electronics Technologist (Radio Frequency Electronics Technologist)', '17-3029.04', 'part-time', 16, 'wage', 17544563);
INSERT INTO Job VALUES (58819924, 'Electronics Assembly Technologist', '17-3029.04', 'full-time', 196773, 'salary', 99759883);
INSERT INTO Job VALUES (45126228, 'Automation Test Specialist', '17-3024.00', 'part-time', 27, 'wage', 99759883);
INSERT INTO Job VALUES (64326292, 'Service Technician', '17-3029.08', 'full-time', 127634, 'salary', 17035572);
INSERT INTO Job VALUES (36771338, 'Parts Designer', '17-3029.04', 'part-time', 23, 'wage', 36748517);
INSERT INTO Job VALUES (93014833, 'Drafter', '17-3012.01', 'part-time', 29, 'wage', 16218173);
INSERT INTO Job VALUES (62864853, 'CADD Designer (Computer Aided Drafting / Design ( Cad ) Designer)', '17-3012.01', 'part-time', 36, 'wage', 61188408);
INSERT INTO Job VALUES (51997555, 'Non-Destructive Testing Engineer (NDT Engineer)', '17-3029.01', 'full-time', 100339, 'salary', 86383092);
INSERT INTO Job VALUES (22125439, 'Design Technician', '17-3022.00', 'full-time', 201583, 'salary', 10802975);
INSERT INTO Job VALUES (64189269, 'Manufacturing Specialist', '17-3029.09', 'part-time', 21, 'wage', 15249852);
INSERT INTO Job VALUES (81667385, 'Mechanical Draughter', '17-3013.00', 'full-time', 113386, 'salary', 42622303);
INSERT INTO Job VALUES (44002544, 'Instrumentation Designer', '17-3012.02', 'full-time', 107992, 'salary', 62671753);
INSERT INTO Job VALUES (26365407, 'Instrumentation Technician', '17-3023.03', 'part-time', 29, 'wage', 37138506);
INSERT INTO Job VALUES (86595115, 'RF Electronics Technologist (Radio Frequency Electronics Technologist)', '17-3029.04', 'part-time', 25, 'wage', 51922324);
INSERT INTO Job VALUES (66558941, 'Programs Technician', '17-3025.00', 'part-time', 40, 'wage', 99759883);
INSERT INTO Job VALUES (18196011, 'Production Technician', '17-3029.09', 'full-time', 86232, 'salary', 87583644);
INSERT INTO Job VALUES (70554724, 'Test Engineering Analyst', '17-3029.07', 'full-time', 88023, 'salary', 60352376);
INSERT INTO Job VALUES (26435381, 'Non-Destructive Testing Engineer (NDT Engineer)', '17-3029.01', 'part-time', 33, 'wage', 17544563);
INSERT INTO Job VALUES (71278347, 'Field Technician', '17-3025.00', 'full-time', 146928, 'salary', 88879750);
INSERT INTO Job VALUES (15998030, 'Non-Destructive Testing Assistant', '17-3029.01', 'part-time', 24, 'wage', 51922324);
INSERT INTO Job VALUES (76424961, 'Electromechanical Assembly Technician', '17-3024.00', 'full-time', 131151, 'salary', 61927797);
INSERT INTO Job VALUES (48708704, 'Structural Technician', '17-3022.00', 'full-time', 191910, 'salary', 88879750);
INSERT INTO Job VALUES (18630362, 'Quality Process Lead', '17-3026.00', 'part-time', 20, 'wage', 94528109);
INSERT INTO Job VALUES (88008922, 'Field Service Technician', '17-3029.09', 'full-time', 61621, 'salary', 39090920);
INSERT INTO Job VALUES (79777718, 'Fuel Cell Technician', '17-3029.10', 'full-time', 215742, 'salary', 47672407);
INSERT INTO Job VALUES (43345494, 'Operations Technician', '17-3029.09', 'part-time', 22, 'wage', 87583644);
INSERT INTO Job VALUES (48235895, 'Industrial Maintenance Technician', '17-3026.00', 'full-time', 128124, 'salary', 21175747);
INSERT INTO Job VALUES (82478048, 'Mechanical Designer', '17-3013.00', 'full-time', 212443, 'salary', 10711209);
INSERT INTO Job VALUES (91610788, 'Design Drafter', '17-3013.00', 'part-time', 23, 'wage', 14466473);
INSERT INTO Job VALUES (55869691, 'Automation Control Integrator', '17-3024.01', 'full-time', 93791, 'salary', 37282756);
INSERT INTO Job VALUES (15403424, 'Instrumentation Technician', '17-3024.00', 'full-time', 202112, 'salary', 21175747);
INSERT INTO Job VALUES (10523024, 'Electrical CADD Designer (Electrical Computer Aided Drafting / Design Designer)', '17-3012.01', 'full-time', 200201, 'salary', 42622303);
INSERT INTO Job VALUES (23662360, 'Automation Controls Expert', '17-3024.01', 'part-time', 27, 'wage', 60352376);
INSERT INTO Job VALUES (19420525, 'AutoCAD Drafter', '17-3012.01', 'part-time', 34, 'wage', 80056194);
INSERT INTO Job VALUES (70040085, 'Engineering Technician', '17-3022.00', 'full-time', 132899, 'salary', 95219711);
INSERT INTO Job VALUES (10340709, 'Industrial Maintenance Technician', '17-3026.00', 'full-time', 163633, 'salary', 10802975);
INSERT INTO Job VALUES (16258355, 'Field Service Technician', '17-3024.00', 'full-time', 106949, 'salary', 37138506);


-- Full position data
-- Not all positions required, but easier to just include all of it

INSERT INTO Position VALUES ('17-1011.00', 'Architects, Except Landscape and Naval', 'Plan and design structures, such as private residences, office buildings, theaters, factories, and other structural property.', 190809, 133566.3);
INSERT INTO Position VALUES ('17-1012.00', 'Landscape Architects', 'Plan and design land areas for projects such as parks and other recreational facilities, airports, highways, hospitals, schools, land subdivisions, and commercial, industrial, and residential sites.', 134453, 94117.1);
INSERT INTO Position VALUES ('17-1021.00', 'Cartographers and Photogrammetrists', 'Collect, analyze, and interpret geographic information provided by geodetic surveys, aerial photographs, and satellite data. Research, study, and prepare maps and other spatial data in digital or graphic form for legal, social, political, educational, and design purposes. May work with Geographic Information Systems (GIS). May design and evaluate algorithms, data structures, and user interfaces for GIS and mapping systems.', 162039, 113427.3);
INSERT INTO Position VALUES ('17-1022.00', 'Surveyors', 'Make exact measurements and determine property boundaries. Provide data relevant to the shape, contour, gravitation, location, elevation, or dimension of land or land features on or near the earth''s surface for engineering, mapmaking, mining, land evaluation, construction, and other purposes.', 112188, 78531.6);
INSERT INTO Position VALUES ('17-1022.01', 'Geodetic Surveyors', 'Measure large areas of the Earth''s surface using satellite observations, global navigation satellite systems (GNSS), light detection and ranging (LIDAR), or related sources.', 109677, 76773.9);
INSERT INTO Position VALUES ('17-2011.00', 'Aerospace Engineers', 'Perform engineering duties in designing, constructing, and testing aircraft, missiles, and spacecraft. May conduct basic and applied research to evaluate adaptability of materials and equipment to aircraft design and manufacture. May recommend improvements in testing equipment and techniques.', 168083, 117658.1);
INSERT INTO Position VALUES ('17-2021.00', 'Agricultural Engineers', 'Apply knowledge of engineering technology and biological science to agricultural problems concerned with power and machinery, electrification, structures, soil and water conservation, and processing of agricultural products.', 176472, 123530.4);
INSERT INTO Position VALUES ('17-2031.00', 'Biomedical Engineers', 'Apply knowledge of engineering, biology, and biomechanical principles to the design, development, and evaluation of biological and health systems and products, such as artificial organs, prostheses, instrumentation, medical information systems, and health management and care delivery systems.', 189578, 132704.6);
INSERT INTO Position VALUES ('17-2041.00', 'Chemical Engineers', 'Design chemical plant equipment and devise processes for manufacturing chemicals and products, such as gasoline, synthetic rubber, plastics, detergents, cement, paper, and pulp, by applying principles and technology of chemistry, physics, and engineering.', 96176, 67323.2);
INSERT INTO Position VALUES ('17-2051.00', 'Civil Engineers', 'Perform engineering duties in planning, designing, and overseeing construction and maintenance of building structures, and facilities, such as roads, railroads, airports, bridges, harbors, channels, dams, irrigation projects, pipelines, power plants, and water and sewage systems.', 181839, 127287.3);
INSERT INTO Position VALUES ('17-2051.01', 'Transportation Engineers', 'Develop plans for surface transportation projects, according to established engineering standards and state or federal construction policy. Prepare designs, specifications, or estimates for transportation facilities. Plan modifications of existing streets, highways, or freeways to improve traffic flow.', 199368, 139557.6);
INSERT INTO Position VALUES ('17-2061.00', 'Computer Hardware Engineers', 'Research, design, develop, or test computer or computer-related equipment for commercial, industrial, military, or scientific use. May supervise the manufacturing and installation of computer or computer-related equipment and components.', 112906, 79034.2);
INSERT INTO Position VALUES ('17-2071.00', 'Electrical Engineers', 'Research, design, develop, test, or supervise the manufacturing and installation of electrical equipment, components, or systems for commercial, industrial, military, or scientific use.', 192620, 134834);
INSERT INTO Position VALUES ('17-2072.00', 'Electronics Engineers, Except Computer', 'Research, design, develop, or test electronic components and systems for commercial, industrial, military, or scientific use employing knowledge of electronic theory and materials properties. Design electronic circuits and components for use in fields such as telecommunications, aerospace guidance and propulsion control, acoustics, or instruments and controls.', 167372, 117160.4);
INSERT INTO Position VALUES ('17-2072.01', 'Radio Frequency Identification Device Specialists', 'Design and implement radio frequency identification device (RFID) systems used to track shipments or goods.', 162788, 113951.6);
INSERT INTO Position VALUES ('17-2081.00', 'Environmental Engineers', 'Research, design, plan, or perform engineering duties in the prevention, control, and remediation of environmental hazards using various engineering disciplines. Work may include waste treatment, site remediation, or pollution control technology.', 157691, 110383.7);
INSERT INTO Position VALUES ('17-2081.01', 'Water/Wastewater Engineers', 'Design or oversee projects involving provision of potable water, disposal of wastewater and sewage, or prevention of flood-related damage. Prepare environmental documentation for water resources, regulatory program compliance, data management and analysis, and field work. Perform hydraulic modeling and pipeline design.', 129381, 90566.7);
INSERT INTO Position VALUES ('17-2111.00', 'Health and Safety Engineers, Except Mining Safety Engineers and Inspectors', 'Promote worksite or product safety by applying knowledge of industrial processes, mechanics, chemistry, psychology, and industrial health and safety laws. Includes industrial product safety engineers.', 177385, 124169.5);
INSERT INTO Position VALUES ('17-2111.01', 'Industrial Safety and Health Engineers', 'Plan, implement, and coordinate safety programs, requiring application of engineering principles and technology, to prevent or correct unsafe environmental working conditions.', 166771, 116739.7);
INSERT INTO Position VALUES ('17-2111.02', 'Fire-Prevention and Protection Engineers', 'Research causes of fires, determine fire protection methods, and design or recommend materials or equipment such as structural components or fire-detection equipment to assist organizations in safeguarding life and property against fire, explosion, and related hazards.', 186032, 130222.4);
INSERT INTO Position VALUES ('17-2111.03', 'Product Safety Engineers', 'Develop and conduct tests to evaluate product safety levels and recommend measures to reduce or eliminate hazards.', 141816, 99271.2);
INSERT INTO Position VALUES ('17-2112.00', 'Industrial Engineers', 'Design, develop, test, and evaluate integrated systems for managing industrial production processes, including human work factors, quality control, inventory control, logistics and material flow, cost analysis, and production coordination.', 109150, 76405);
INSERT INTO Position VALUES ('17-2112.01', 'Human Factors Engineers and Ergonomists', 'Design objects, facilities, and environments to optimize human well-being and overall system performance, applying theory, principles, and data regarding the relationship between humans and respective technology. Investigate and analyze characteristics of human behavior and performance as it relates to the use of technology.', 142433, 99703.1);
INSERT INTO Position VALUES ('17-2121.00', 'Marine Engineers and Naval Architects', 'Design, develop, and evaluate the operation of marine vessels, ship machinery, and related equipment, such as power supply and propulsion systems.', 141202, 98841.4);
INSERT INTO Position VALUES ('17-2121.01', 'Marine Engineers', 'Design, develop, and take responsibility for the installation of ship machinery and related equipment including propulsion machines and power supply systems.', 130618, 91432.6);
INSERT INTO Position VALUES ('17-2121.02', 'Marine Architects', 'Design and oversee construction and repair of marine craft and floating structures such as ships, barges, tugs, dredges, submarines, torpedoes, floats, and buoys. May confer with marine engineers.', 101742, 71219.4);
INSERT INTO Position VALUES ('17-2131.00', 'Materials Engineers', 'Evaluate materials and develop machinery and processes to manufacture materials for use in products that must meet specialized design and performance specifications. Develop new uses for known materials. Includes those engineers working with composite materials or specializing in one type of material, such as graphite, metal and metal alloys, ceramics and glass, plastics and polymers, and naturally occurring materials. Includes metallurgists and metallurgical engineers, ceramic engineers, and welding engineers.', 140739, 98517.3);
INSERT INTO Position VALUES ('17-2141.00', 'Mechanical Engineers', 'Perform engineering duties in planning and designing tools, engines, machines, and other mechanically functioning equipment. Oversee installation, operation, maintenance, and repair of equipment such as centralized heat, gas, water, and steam systems.', 81144, 56800.8);
INSERT INTO Position VALUES ('17-2141.01', 'Fuel Cell Engineers', 'Design, evaluate, modify, or construct fuel cell components or systems for transportation, stationary, or portable applications.', 123251, 86275.7);
INSERT INTO Position VALUES ('17-2141.02', 'Automotive Engineers', 'Develop new or improved designs for vehicle structural members, engines, transmissions, or other vehicle systems, using computer-assisted design technology. Direct building, modification, or testing of vehicle or components.', 181068, 126747.6);
INSERT INTO Position VALUES ('17-2151.00', 'Mining and Geological Engineers, Including Mining Safety Engineers', 'Conduct sub-surface surveys to identify the characteristics of potential land or mining development sites. May specify the ground support systems, processes and equipment for safe, economical, and environmentally sound extraction or underground construction activities. May inspect areas for unsafe geological conditions, equipment, and working conditions. May design, implement, and coordinate mine safety programs.', 194025, 135817.5);
INSERT INTO Position VALUES ('17-2161.00', 'Nuclear Engineers', 'Conduct research on nuclear engineering projects or apply principles and theory of nuclear science to problems concerned with release, control, and use of nuclear energy and nuclear waste disposal.', 178487, 124940.9);
INSERT INTO Position VALUES ('17-2171.00', 'Petroleum Engineers', 'Devise methods to improve oil and gas extraction and production and determine the need for new or modified tool designs. Oversee drilling and offer technical advice.', 119442, 83609.4);
INSERT INTO Position VALUES ('17-2199.00', 'Engineers, All Other', 'All engineers not listed separately.', 105369, 73758.3);
INSERT INTO Position VALUES ('17-2199.01', 'Biochemical Engineers', 'Develop usable, tangible products, using knowledge of biology, chemistry, or engineering. Solve problems related to materials, systems, or processes that interact with humans, plants, animals, microorganisms, or biological materials.', 126466, 88526.2);
INSERT INTO Position VALUES ('17-2199.02', 'Validation Engineers', 'Design or plan protocols for equipment or processes to produce products meeting internal and external purity, safety, and quality requirements.', 183897, 128727.9);
INSERT INTO Position VALUES ('17-2199.03', 'Energy Engineers', 'Design, develop, or evaluate energy-related projects or programs to reduce energy costs or improve energy efficiency during the designing, building, or remodeling stages of construction. May specialize in electrical systems; heating, ventilation, and air-conditioning (HVAC) systems; green buildings; lighting; air quality; or energy procurement.', 186035, 130224.5);
INSERT INTO Position VALUES ('17-2199.04', 'Manufacturing Engineers', 'Design, integrate, or improve manufacturing systems or related processes. May work with commercial or industrial designers to refine product designs to increase producibility and decrease costs.', 144834, 101383.8);
INSERT INTO Position VALUES ('17-2199.05', 'Mechatronics Engineers', 'Research, design, develop, or test automation, intelligent systems, smart devices, or industrial systems control.', 141924, 99346.8);
INSERT INTO Position VALUES ('17-2199.06', 'Microsystems Engineers', 'Research, design, develop, or test microelectromechanical systems (MEMS) devices.', 193149, 135204.3);
INSERT INTO Position VALUES ('17-2199.07', 'Photonics Engineers', 'Design technologies specializing in light information or light energy, such as laser or fiber optics technology.', 116456, 81519.2);
INSERT INTO Position VALUES ('17-2199.08', 'Robotics Engineers', 'Research, design, develop, or test robotic applications.', 172671, 120869.7);
INSERT INTO Position VALUES ('17-2199.09', 'Nanosystems Engineers', 'Design, develop, or supervise the production of materials, devices, or systems of unique molecular or macromolecular composition, applying principles of nanoscale physics and electrical, chemical, or biological engineering.', 123596, 86517.2);
INSERT INTO Position VALUES ('17-2199.10', 'Wind Energy Engineers', 'Design underground or overhead wind farm collector systems and prepare and develop site specifications.', 135315, 94720.5);
INSERT INTO Position VALUES ('17-2199.11', 'Solar Energy Systems Engineers', 'Perform site-specific engineering analysis or evaluation of energy efficiency and solar projects involving residential, commercial, or industrial customers. Design solar domestic hot water and space heating systems for new and existing structures, applying knowledge of structural energy requirements, local climates, solar technology, and thermodynamics.', 152942, 107059.4);
INSERT INTO Position VALUES ('17-3011.00', 'Architectural and Civil Drafters', 'Prepare detailed drawings of architectural and structural features of buildings or drawings and topographical relief maps used in civil engineering projects, such as highways, bridges, and public works. Use knowledge of building materials, engineering practices, and mathematics to complete drawings.', 120730, 84511);
INSERT INTO Position VALUES ('17-3011.01', 'Architectural Drafters', 'Prepare detailed drawings of architectural designs and plans for buildings and structures according to specifications provided by architect.', 116550, 81585);
INSERT INTO Position VALUES ('17-3011.02', 'Civil Drafters', 'Prepare drawings and topographical and relief maps used in civil engineering projects, such as highways, bridges, pipelines, flood control projects, and water and sewerage control systems.', 103038, 72126.6);
INSERT INTO Position VALUES ('17-3012.00', 'Electrical and Electronics Drafters', 'Prepare wiring diagrams, circuit board assembly diagrams, and layout drawings used for the manufacture, installation, or repair of electrical equipment.', 185007, 129504.9);
INSERT INTO Position VALUES ('17-3012.01', 'Electronic Drafters', 'Draw wiring diagrams, circuit board assembly diagrams, schematics, and layout drawings used for manufacture, installation, and repair of electronic equipment.', 189992, 132994.4);
INSERT INTO Position VALUES ('17-3012.02', 'Electrical Drafters', 'Develop specifications and instructions for installation of voltage transformers, overhead or underground cables, and related electrical equipment used to conduct electrical energy from transmission lines or high-voltage distribution lines to consumers.', 86149, 60304.3);
INSERT INTO Position VALUES ('17-3013.00', 'Mechanical Drafters', 'Prepare detailed working diagrams of machinery and mechanical devices, including dimensions, fastening methods, and other engineering information.', 180542, 126379.4);
INSERT INTO Position VALUES ('17-3019.00', 'Drafters, All Other', 'All drafters not listed separately.', 112940, 79058);
INSERT INTO Position VALUES ('17-3021.00', 'Aerospace Engineering and Operations Technicians', 'Operate, install, calibrate, and maintain integrated computer/communications systems, consoles, simulators, and other data acquisition, test, and measurement instruments and equipment, which are used to launch, track, position, and evaluate air and space vehicles. May record and interpret test data.', 147933, 103553.1);
INSERT INTO Position VALUES ('17-3022.00', 'Civil Engineering Technicians', 'Apply theory and principles of civil engineering in planning, designing, and overseeing construction and maintenance of structures and facilities under the direction of engineering staff or physical scientists.', 165702, 115991.4);
INSERT INTO Position VALUES ('17-3023.00', 'Electrical and Electronic Engineering Technicians', 'Apply electrical and electronic theory and related knowledge, usually under the direction of engineering staff, to design, build, repair, calibrate, and modify electrical components, circuitry, controls, and machinery for subsequent evaluation and use by engineering staff in making engineering design decisions.', 198054, 138637.8);
INSERT INTO Position VALUES ('17-3023.01', 'Electronics Engineering Technicians', 'Lay out, build, test, troubleshoot, repair, and modify developmental and production electronic components, parts, equipment, and systems, such as computer equipment, missile control instrumentation, electron tubes, test equipment, and machine tool numerical controls, applying principles and theories of electronics, electrical circuitry, engineering mathematics, electronic and electrical testing, and physics. Usually work under direction of engineering staff.', 188236, 131765.2);
INSERT INTO Position VALUES ('17-3023.03', 'Electrical Engineering Technicians', 'Test or modify developmental or operational electrical machinery or electrical control equipment and circuitry in industrial or commercial plants or laboratories. Usually work under direction of engineers or technologists.', 168935, 118254.5);
INSERT INTO Position VALUES ('17-3024.00', 'Electro-Mechanical Technicians', 'Operate, test, maintain, or calibrate unmanned, automated, servo-mechanical, or electromechanical equipment. May operate unmanned submarines, aircraft, or other equipment at worksites, such as oil rigs, deep ocean exploration, or hazardous waste removal. May assist engineers in testing and designing robotics equipment.', 135264, 94684.8);
INSERT INTO Position VALUES ('17-3024.01', 'Robotics Technicians', 'Build, install, test, or maintain robotic equipment or related automated production systems.', 190479, 133335.3);
INSERT INTO Position VALUES ('17-3025.00', 'Environmental Engineering Technicians', 'Apply theory and principles of environmental engineering to modify, test, and operate equipment and devices used in the prevention, control, and remediation of environmental problems, including waste treatment and site remediation, under the direction of engineering staff or scientist. May assist in the development of environmental remediation devices.', 84483, 59138.1);
INSERT INTO Position VALUES ('17-3026.00', 'Industrial Engineering Technicians', 'Apply engineering theory and principles to problems of industrial layout or manufacturing production, usually under the direction of engineering staff. May perform time and motion studies on worker operations in a variety of industries for purposes such as establishing standard production rates or improving efficiency.', 193187, 135230.9);
INSERT INTO Position VALUES ('17-3027.00', 'Mechanical Engineering Technicians', 'Apply theory and principles of mechanical engineering to modify, develop, test, or calibrate machinery and equipment under direction of engineering staff or physical scientists.', 111740, 78218);
INSERT INTO Position VALUES ('17-3027.01', 'Automotive Engineering Technicians', 'Assist engineers in determining the practicality of proposed product design changes and plan and carry out tests on experimental test devices or equipment for performance, durability, or efficiency.', 171155, 119808.5);
INSERT INTO Position VALUES ('17-3029.00', 'Engineering Technicians, Except Drafters, All Other', 'All engineering technicians, except drafters, not listed separately.', 122099, 85469.3);
INSERT INTO Position VALUES ('17-3029.01', 'Non-Destructive Testing Specialists', 'Test the safety of structures, vehicles, or vessels using x-ray, ultrasound, fiber optic or related equipment.', 80291, 56203.7);
INSERT INTO Position VALUES ('17-3029.02', 'Electrical Engineering Technologists', 'Assist electrical engineers in such activities as process control, electrical power distribution, or instrumentation design. May prepare layouts of electrical transmission or distribution systems, supervise the flow of work, estimate project costs, or participate in research studies.', 83780, 58646);
INSERT INTO Position VALUES ('17-3029.03', 'Electromechanical Engineering Technologists', 'Assist electromechanical engineers in such activities as computer-based process control, instrumentation, or machine design. May prepare layouts of machinery or equipment, plan the flow of work, conduct statistical studies, or analyze production costs.', 158184, 110728.8);
INSERT INTO Position VALUES ('17-3029.04', 'Electronics Engineering Technologists', 'Assist electronics engineers in such activities as electronics systems and instrumentation design or digital signal processing.', 177366, 124156.2);
INSERT INTO Position VALUES ('17-3029.05', 'Industrial Engineering Technologists', 'Assist industrial engineers in such activities as quality control, inventory control, or material flow methods. May conduct statistical studies or analyze production costs.', 132413, 92689.1);
INSERT INTO Position VALUES ('17-3029.06', 'Manufacturing Engineering Technologists', 'Develop tools, implement designs, or integrate machinery, equipment, or computer technologies to ensure effective manufacturing processes.', 110290, 77203);
INSERT INTO Position VALUES ('17-3029.07', 'Mechanical Engineering Technologists', 'Assist mechanical engineers in such activities as generation, transmission, or use of mechanical or fluid energy. Prepare layouts of machinery or equipment or plan the flow of work. May conduct statistical studies or analyze production costs.', 191973, 134381.1);
INSERT INTO Position VALUES ('17-3029.08', 'Photonics Technicians', 'Build, install, test, or maintain optical or fiber optic equipment, such as lasers, lenses, or mirrors, using spectrometers, interferometers, or related equipment.', 191091, 133763.7);
INSERT INTO Position VALUES ('17-3029.09', 'Manufacturing Production Technicians', 'Set up, test, and adjust manufacturing machinery or equipment, using any combination of electrical, electronic, mechanical, hydraulic, pneumatic, or computer technologies.', 159143, 111400.1);
INSERT INTO Position VALUES ('17-3029.10', 'Fuel Cell Technicians', 'Install, operate, or maintain integrated fuel cell systems in transportation, stationary, or portable applications.', 130599, 91419.3);
INSERT INTO Position VALUES ('17-3029.11', 'Nanotechnology Engineering Technologists', 'Implement production processes for nanoscale designs to produce or modify materials, devices, or systems of unique molecular or macromolecular composition. Operate advanced microscopy equipment to manipulate nanoscale objects. Work under the supervision of nanoengineering staff.', 137691, 96383.7);
INSERT INTO Position VALUES ('17-3029.12', 'Nanotechnology Engineering Technicians', 'Operate commercial-scale production equipment to produce, test, or modify materials, devices, or systems of molecular or macromolecular composition. Work under the supervision of engineering staff.', 186596, 130617.2);
INSERT INTO Position VALUES ('17-3031.00', 'Surveying and Mapping Technicians', 'Perform surveying and mapping duties, usually under the direction of an engineer, surveyor, cartographer, or photogrammetrist to obtain data used for construction, mapmaking, boundary location, mining, or other purposes. May calculate mapmaking information and create maps from source data, such as surveying notes, aerial photography, satellite data, or other maps to show topographical features, political boundaries, and other features. May verify accuracy and completeness of maps.', 186444, 130510.8);
INSERT INTO Position VALUES ('17-3031.01', 'Surveying Technicians', 'Adjust and operate surveying instruments, such as the theodolite and electronic distance-measuring equipment, and compile notes, make sketches and enter data into computers.', 199458, 139620.6);
INSERT INTO Position VALUES ('17-3031.02', 'Mapping Technicians', 'Calculate mapmaking information from field notes, and draw and verify accuracy of topographical maps.', 182177, 127523.9);

-- Skills

INSERT INTO Skill VALUES ('2.A.1.a', 'Reading Comprehension', 'Reading comprehension is the ability to process text, understand its meaning, and to integrate with what the reader already knows.', 'advanced');
INSERT INTO Skill VALUES ('2.A.1.b', 'Active Listening', 'Active listening is a technique that is used in counseling, training, and solving disputes or conflicts.', 'advanced');
INSERT INTO Skill VALUES ('2.A.1.c', 'Writing', 'Writing is a medium of human communication that involves the representation of a language with symbols.', 'advanced');
INSERT INTO Skill VALUES ('2.A.1.d', 'Speaking', 'Public speaking is the process or act of performing a speech to a live audience.', 'advanced');
INSERT INTO Skill VALUES ('2.A.1.e', 'Mathematics', 'Mathematics is the study of numbers, shapes and patterns.', 'beginner');
INSERT INTO Skill VALUES ('2.A.1.f', 'Science', 'Science (from the Latin word scientia, meaning "knowledge") is a systematic enterprise that builds and organizes knowledge by virtue of testable explanations and predictions about the universe.', 'medium');
INSERT INTO Skill VALUES ('2.A.2.a', 'Critical Thinking', 'Critical thinking is the analysis of facts to form a judgment. The subject is complex, and several different definitions exist, which generally include the rational, skeptical, unbiased analysis, or evaluation of factual evidence.', 'beginner');
INSERT INTO Skill VALUES ('2.A.2.b', 'Active Learning', 'Active learning is a method of learning in which students are actively or experientially involved in the learning process and where there are different levels of active learning, depending on student involvement.', 'medium');
INSERT INTO Skill VALUES ('2.A.2.c', 'Learning Strategies', 'Learning strategies are the different approaches and methods that humans use to enhance learning.', 'beginner');
INSERT INTO Skill VALUES ('2.A.2.d', 'Monitoring', 'Employee Monitoring is the act of employers surveying employee activity through different surveillance methods.', 'advanced');
INSERT INTO Skill VALUES ('2.B.1.a', 'Social Perceptiveness', 'Social perception (or person perception) is the study of how people form impressions of and make inferences about other people as sovereign personalities.', 'advanced');
INSERT INTO Skill VALUES ('2.B.1.b', 'Coordination', 'The act of coordinating, making different people or things work together for a goal or effect.', 'medium');
INSERT INTO Skill VALUES ('2.B.1.c', 'Persuasion', 'In business, persuasion is a process aimed at changing a person''s attitude or behaviour toward some event, idea, object, or other person(s), by using written, spoken words or visual tools to convey information, feelings, or reasoning, or a combination thereof.', 'beginner');
INSERT INTO Skill VALUES ('2.B.1.d', 'Negotiation', 'Negotiation is a dialogue between two or more people or parties intended to reach a beneficial outcome over one or more issues where a conflict exists with respect to at least one of these issues.', 'advanced');
INSERT INTO Skill VALUES ('2.B.1.e', 'Instructing', 'The act of instructing, teaching, or furnishing with information or knowledge.', 'advanced');
INSERT INTO Skill VALUES ('2.B.1.f', 'Service Orientation', 'Service-orientation is a design paradigm for computer software in the form of services.', 'medium');
INSERT INTO Skill VALUES ('2.B.2.i', 'Complex Problem Solving', 'Problem solving consists of using generic or ad hoc methods in an orderly manner to find solutions to problems.', 'advanced');
INSERT INTO Skill VALUES ('2.B.3.a', 'Operations Analysis', 'Operations Analysis is a discipline that deals with the application of advanced analytical methods to help make better decisions.', 'medium');
INSERT INTO Skill VALUES ('2.B.3.b', 'Technology Design', 'The study, design, development, application, implementation, support and management of computer and non-computer based technologies for the express purpose of communicating product design intent and constructability.', 'beginner');
INSERT INTO Skill VALUES ('2.B.3.c', 'Equipment Selection', 'Identifying and procuring suitable equipment.', 'medium');
INSERT INTO Skill VALUES ('2.B.3.d', 'Installation', ' Installation refers to the particular configuration of a software or hardware with a view to making it usable with the computer.', 'beginner');
INSERT INTO Skill VALUES ('2.B.3.e', 'Programming', 'Computer programming is the process of designing and building an executable computer program to accomplish a specific computing result or to perform a specific task.', 'medium');
INSERT INTO Skill VALUES ('2.B.3.g', 'Operation Monitoring', 'The continuous assessment of programmes based on early detailed information on the progress or delay of the ongoing assessed activities.', 'medium');
INSERT INTO Skill VALUES ('2.B.3.h', 'Operation and Control', 'The area of management concerned with designing and controlling the process of production and redesigning business operations in the production of goods or services.', 'advanced');
INSERT INTO Skill VALUES ('2.B.3.j', 'Equipment Maintenance', 'Equipment maintenance is any process used to keep a business’s equipment in reliable working order.', 'advanced');
INSERT INTO Skill VALUES ('2.B.3.k', 'Troubleshooting', 'Troubleshooting is a form of problem solving, often applied to repair failed products or processes on a machine or a system.', 'medium');
INSERT INTO Skill VALUES ('2.B.3.l', 'Repairing', 'The ability to restore equipment to full working functionality.', 'medium');
INSERT INTO Skill VALUES ('2.B.3.m', 'Quality Control Analysis', 'Quality control (QC) is a process by which entities review the quality of all factors involved in production. ISO 9000 defines quality control as "A part of quality management focused on fulfilling quality requirements".', 'advanced');
INSERT INTO Skill VALUES ('2.B.4.e', 'Judgment and Decision Making', 'The cognitive process resulting in the selection of a belief or a course of action among several possible alternative options, it could be either rational or irrational.', 'advanced');
INSERT INTO Skill VALUES ('2.B.4.g', 'Systems Analysis', 'The process of studying a procedure or business in order to identify its goals and purposes and create systems and procedures that will achieve them in an efficient way', 'medium');
INSERT INTO Skill VALUES ('2.B.4.h', 'Systems Evaluation', 'The systematic method for collecting, analyzing, and using information to answer questions about projects, policies and programs, particularly about their effectiveness and efficiency.', 'medium');
INSERT INTO Skill VALUES ('2.B.5.a', 'Time Management', 'Time management is the process of planning and exercising conscious control of time spent on specific activities, especially to increase effectiveness, efficiency, and productivity.', 'advanced');
INSERT INTO Skill VALUES ('2.B.5.b', 'Management of Financial Resources', 'Financial management may be defined as the area or function in an organization which is concerned with profitability, expenses, cash and credit, so that the "organization may have the means to carry out its objective as satisfactorily as possible;" the latter often defined as maximizing the value of the firm for stockholders.', 'beginner');
INSERT INTO Skill VALUES ('2.B.5.c', 'Management of Material Resources', 'Materials management is a core supply chain function and includes supply chain planning and supply chain execution capabilities.', 'advanced');
INSERT INTO Skill VALUES ('2.B.5.d', 'Management of Personnel Resources', 'Human Resource Management (HRM or HR) is the strategic approach to the effective management of people in a company or organization such that they help their business gain a competitive advantage.', 'beginner');

-- Requires

INSERT INTO Requires VALUES ('17-1011.00', '2.A.1.a');
INSERT INTO Requires VALUES ('17-1011.00', '2.A.1.b');
INSERT INTO Requires VALUES ('17-1011.00', '2.A.1.d');
INSERT INTO Requires VALUES ('17-1011.00', '2.A.2.a');
INSERT INTO Requires VALUES ('17-1011.00', '2.B.2.i');
INSERT INTO Requires VALUES ('17-1011.00', '2.B.3.a');
INSERT INTO Requires VALUES ('17-1011.00', '2.B.4.e');
INSERT INTO Requires VALUES ('17-1012.00', '2.A.1.a');
INSERT INTO Requires VALUES ('17-1012.00', '2.A.1.b');
INSERT INTO Requires VALUES ('17-1012.00', '2.A.1.d');
INSERT INTO Requires VALUES ('17-1012.00', '2.B.1.b');
INSERT INTO Requires VALUES ('17-1021.00', '2.A.1.a');
INSERT INTO Requires VALUES ('17-1022.00', '2.A.1.a');
INSERT INTO Requires VALUES ('17-1022.00', '2.A.1.d');
INSERT INTO Requires VALUES ('17-1022.00', '2.A.1.e');
INSERT INTO Requires VALUES ('17-1022.00', '2.A.2.a');
INSERT INTO Requires VALUES ('17-1022.01', '2.A.1.a');
INSERT INTO Requires VALUES ('17-1022.01', '2.A.1.b');
INSERT INTO Requires VALUES ('17-1022.01', '2.A.1.e');
INSERT INTO Requires VALUES ('17-1022.01', '2.A.2.a');
INSERT INTO Requires VALUES ('17-2011.00', '2.A.1.a');
INSERT INTO Requires VALUES ('17-2011.00', '2.A.1.b');
INSERT INTO Requires VALUES ('17-2011.00', '2.A.1.c');
INSERT INTO Requires VALUES ('17-2011.00', '2.A.1.d');
INSERT INTO Requires VALUES ('17-2011.00', '2.A.1.e');
INSERT INTO Requires VALUES ('17-2011.00', '2.A.1.f');
INSERT INTO Requires VALUES ('17-2011.00', '2.A.2.a');
INSERT INTO Requires VALUES ('17-2011.00', '2.B.2.i');
INSERT INTO Requires VALUES ('17-2011.00', '2.B.3.a');
INSERT INTO Requires VALUES ('17-2021.00', '2.A.1.a');
INSERT INTO Requires VALUES ('17-2021.00', '2.A.1.b');
INSERT INTO Requires VALUES ('17-2021.00', '2.A.1.c');
INSERT INTO Requires VALUES ('17-2021.00', '2.A.1.d');
INSERT INTO Requires VALUES ('17-2021.00', '2.A.1.e');
INSERT INTO Requires VALUES ('17-2021.00', '2.A.2.a');
INSERT INTO Requires VALUES ('17-2021.00', '2.B.2.i');
INSERT INTO Requires VALUES ('17-2021.00', '2.B.4.e');
INSERT INTO Requires VALUES ('17-2021.00', '2.B.4.g');
INSERT INTO Requires VALUES ('17-2021.00', '2.B.4.h');
INSERT INTO Requires VALUES ('17-2031.00', '2.A.1.a');
INSERT INTO Requires VALUES ('17-2031.00', '2.A.1.b');
INSERT INTO Requires VALUES ('17-2031.00', '2.A.1.d');
INSERT INTO Requires VALUES ('17-2031.00', '2.A.1.f');
INSERT INTO Requires VALUES ('17-2031.00', '2.A.2.a');
INSERT INTO Requires VALUES ('17-2031.00', '2.B.2.i');
INSERT INTO Requires VALUES ('17-2031.00', '2.B.4.e');
INSERT INTO Requires VALUES ('17-2041.00', '2.A.1.a');
INSERT INTO Requires VALUES ('17-2041.00', '2.A.1.e');
INSERT INTO Requires VALUES ('17-2041.00', '2.A.1.f');
INSERT INTO Requires VALUES ('17-2041.00', '2.A.2.a');
INSERT INTO Requires VALUES ('17-2041.00', '2.B.2.i');
INSERT INTO Requires VALUES ('17-2041.00', '2.B.4.e');
INSERT INTO Requires VALUES ('17-2041.00', '2.B.4.g');
INSERT INTO Requires VALUES ('17-2051.00', '2.A.1.a');
INSERT INTO Requires VALUES ('17-2051.00', '2.A.1.b');
INSERT INTO Requires VALUES ('17-2051.00', '2.A.1.d');
INSERT INTO Requires VALUES ('17-2051.00', '2.A.1.e');
INSERT INTO Requires VALUES ('17-2051.00', '2.A.2.a');
INSERT INTO Requires VALUES ('17-2051.00', '2.B.2.i');
INSERT INTO Requires VALUES ('17-2051.00', '2.B.3.a');
INSERT INTO Requires VALUES ('17-2051.00', '2.B.4.g');
INSERT INTO Requires VALUES ('17-2051.01', '2.A.1.a');
INSERT INTO Requires VALUES ('17-2051.01', '2.A.1.d');
INSERT INTO Requires VALUES ('17-2051.01', '2.A.1.e');
INSERT INTO Requires VALUES ('17-2051.01', '2.A.2.a');
INSERT INTO Requires VALUES ('17-2051.01', '2.B.2.i');
INSERT INTO Requires VALUES ('17-2051.01', '2.B.4.e');
INSERT INTO Requires VALUES ('17-2061.00', '2.A.1.a');
INSERT INTO Requires VALUES ('17-2061.00', '2.A.2.a');
INSERT INTO Requires VALUES ('17-2071.00', '2.A.1.a');
INSERT INTO Requires VALUES ('17-2071.00', '2.A.1.b');
INSERT INTO Requires VALUES ('17-2071.00', '2.A.1.c');
INSERT INTO Requires VALUES ('17-2071.00', '2.A.2.a');
INSERT INTO Requires VALUES ('17-2071.00', '2.B.2.i');
INSERT INTO Requires VALUES ('17-2072.00', '2.A.1.a');
INSERT INTO Requires VALUES ('17-2072.00', '2.A.2.a');
INSERT INTO Requires VALUES ('17-2072.00', '2.B.2.i');
INSERT INTO Requires VALUES ('17-2072.01', '2.A.2.a');
INSERT INTO Requires VALUES ('17-2081.00', '2.A.1.a');
INSERT INTO Requires VALUES ('17-2081.00', '2.A.1.b');
INSERT INTO Requires VALUES ('17-2081.00', '2.A.1.c');
INSERT INTO Requires VALUES ('17-2081.00', '2.A.1.d');
INSERT INTO Requires VALUES ('17-2081.00', '2.A.2.a');
INSERT INTO Requires VALUES ('17-2081.00', '2.A.2.d');
INSERT INTO Requires VALUES ('17-2081.00', '2.B.2.i');
INSERT INTO Requires VALUES ('17-2081.01', '2.A.1.a');
INSERT INTO Requires VALUES ('17-2081.01', '2.A.1.b');
INSERT INTO Requires VALUES ('17-2081.01', '2.A.1.c');
INSERT INTO Requires VALUES ('17-2081.01', '2.A.1.e');
INSERT INTO Requires VALUES ('17-2081.01', '2.A.2.a');
INSERT INTO Requires VALUES ('17-2081.01', '2.B.2.i');
INSERT INTO Requires VALUES ('17-2081.01', '2.B.4.e');
INSERT INTO Requires VALUES ('17-2081.01', '2.B.4.g');
INSERT INTO Requires VALUES ('17-2081.01', '2.B.4.h');
INSERT INTO Requires VALUES ('17-2111.01', '2.A.1.a');
INSERT INTO Requires VALUES ('17-2111.01', '2.A.1.b');
INSERT INTO Requires VALUES ('17-2111.01', '2.A.1.c');
INSERT INTO Requires VALUES ('17-2111.01', '2.A.1.d');
INSERT INTO Requires VALUES ('17-2111.01', '2.A.2.a');
INSERT INTO Requires VALUES ('17-2111.01', '2.B.4.e');
INSERT INTO Requires VALUES ('17-2111.01', '2.B.4.g');
INSERT INTO Requires VALUES ('17-2111.01', '2.B.4.h');
INSERT INTO Requires VALUES ('17-2111.02', '2.A.1.a');
INSERT INTO Requires VALUES ('17-2111.02', '2.A.1.b');
INSERT INTO Requires VALUES ('17-2111.02', '2.A.2.a');
INSERT INTO Requires VALUES ('17-2111.02', '2.B.2.i');
INSERT INTO Requires VALUES ('17-2111.03', '2.A.1.a');
INSERT INTO Requires VALUES ('17-2111.03', '2.A.1.b');
INSERT INTO Requires VALUES ('17-2111.03', '2.A.1.c');
INSERT INTO Requires VALUES ('17-2111.03', '2.A.1.d');
INSERT INTO Requires VALUES ('17-2111.03', '2.A.2.a');
INSERT INTO Requires VALUES ('17-2112.00', '2.A.1.a');
INSERT INTO Requires VALUES ('17-2112.00', '2.A.1.b');
INSERT INTO Requires VALUES ('17-2112.00', '2.A.1.d');
INSERT INTO Requires VALUES ('17-2112.00', '2.A.2.a');
INSERT INTO Requires VALUES ('17-2112.00', '2.B.2.i');
INSERT INTO Requires VALUES ('17-2112.01', '2.A.1.a');
INSERT INTO Requires VALUES ('17-2112.01', '2.A.1.b');
INSERT INTO Requires VALUES ('17-2112.01', '2.A.1.c');
INSERT INTO Requires VALUES ('17-2112.01', '2.A.1.d');
INSERT INTO Requires VALUES ('17-2112.01', '2.A.2.a');
INSERT INTO Requires VALUES ('17-2112.01', '2.B.2.i');
INSERT INTO Requires VALUES ('17-2121.01', '2.A.1.a');
INSERT INTO Requires VALUES ('17-2121.01', '2.A.1.b');
INSERT INTO Requires VALUES ('17-2121.01', '2.A.1.d');
INSERT INTO Requires VALUES ('17-2121.01', '2.A.2.a');
INSERT INTO Requires VALUES ('17-2121.02', '2.A.1.a');
INSERT INTO Requires VALUES ('17-2121.02', '2.A.1.b');
INSERT INTO Requires VALUES ('17-2121.02', '2.A.1.d');
INSERT INTO Requires VALUES ('17-2121.02', '2.A.1.e');
INSERT INTO Requires VALUES ('17-2121.02', '2.A.2.a');
INSERT INTO Requires VALUES ('17-2121.02', '2.B.4.e');
INSERT INTO Requires VALUES ('17-2131.00', '2.A.1.a');
INSERT INTO Requires VALUES ('17-2131.00', '2.A.1.b');
INSERT INTO Requires VALUES ('17-2131.00', '2.A.1.f');
INSERT INTO Requires VALUES ('17-2131.00', '2.A.2.a');
INSERT INTO Requires VALUES ('17-2131.00', '2.B.2.i');
INSERT INTO Requires VALUES ('17-2141.00', '2.A.1.a');
INSERT INTO Requires VALUES ('17-2141.00', '2.A.1.b');
INSERT INTO Requires VALUES ('17-2141.00', '2.A.1.e');
INSERT INTO Requires VALUES ('17-2141.00', '2.A.1.f');
INSERT INTO Requires VALUES ('17-2141.00', '2.A.2.a');
INSERT INTO Requires VALUES ('17-2141.01', '2.A.1.a');
INSERT INTO Requires VALUES ('17-2141.02', '2.A.1.a');
INSERT INTO Requires VALUES ('17-2141.02', '2.A.1.d');
INSERT INTO Requires VALUES ('17-2141.02', '2.A.2.a');
INSERT INTO Requires VALUES ('17-2141.02', '2.B.2.i');
INSERT INTO Requires VALUES ('17-2141.02', '2.B.4.e');
INSERT INTO Requires VALUES ('17-2151.00', '2.A.1.a');
INSERT INTO Requires VALUES ('17-2151.00', '2.A.1.b');
INSERT INTO Requires VALUES ('17-2151.00', '2.A.1.c');
INSERT INTO Requires VALUES ('17-2151.00', '2.A.1.d');
INSERT INTO Requires VALUES ('17-2151.00', '2.A.2.a');
INSERT INTO Requires VALUES ('17-2151.00', '2.B.2.i');
INSERT INTO Requires VALUES ('17-2151.00', '2.B.4.e');
INSERT INTO Requires VALUES ('17-2161.00', '2.A.1.a');
INSERT INTO Requires VALUES ('17-2161.00', '2.A.1.b');
INSERT INTO Requires VALUES ('17-2161.00', '2.A.1.c');
INSERT INTO Requires VALUES ('17-2161.00', '2.A.1.d');
INSERT INTO Requires VALUES ('17-2161.00', '2.A.1.e');
INSERT INTO Requires VALUES ('17-2161.00', '2.A.1.f');
INSERT INTO Requires VALUES ('17-2161.00', '2.A.2.a');
INSERT INTO Requires VALUES ('17-2161.00', '2.A.2.d');
INSERT INTO Requires VALUES ('17-2161.00', '2.B.2.i');
INSERT INTO Requires VALUES ('17-2161.00', '2.B.3.a');
INSERT INTO Requires VALUES ('17-2161.00', '2.B.4.e');
INSERT INTO Requires VALUES ('17-2161.00', '2.B.4.g');
INSERT INTO Requires VALUES ('17-2171.00', '2.A.1.a');
INSERT INTO Requires VALUES ('17-2171.00', '2.A.1.b');
INSERT INTO Requires VALUES ('17-2171.00', '2.A.1.c');
INSERT INTO Requires VALUES ('17-2171.00', '2.A.1.d');
INSERT INTO Requires VALUES ('17-2171.00', '2.A.2.a');
INSERT INTO Requires VALUES ('17-2171.00', '2.B.2.i');
INSERT INTO Requires VALUES ('17-2171.00', '2.B.4.e');
INSERT INTO Requires VALUES ('17-2171.00', '2.B.4.g');
INSERT INTO Requires VALUES ('17-2171.00', '2.B.4.h');
INSERT INTO Requires VALUES ('17-2199.01', '2.A.1.a');
INSERT INTO Requires VALUES ('17-2199.01', '2.A.1.b');
INSERT INTO Requires VALUES ('17-2199.01', '2.A.1.c');
INSERT INTO Requires VALUES ('17-2199.01', '2.A.1.d');
INSERT INTO Requires VALUES ('17-2199.01', '2.A.1.f');
INSERT INTO Requires VALUES ('17-2199.01', '2.A.2.a');
INSERT INTO Requires VALUES ('17-2199.01', '2.B.2.i');
INSERT INTO Requires VALUES ('17-2199.02', '2.A.1.a');
INSERT INTO Requires VALUES ('17-2199.02', '2.A.1.b');
INSERT INTO Requires VALUES ('17-2199.02', '2.A.1.c');
INSERT INTO Requires VALUES ('17-2199.02', '2.A.1.d');
INSERT INTO Requires VALUES ('17-2199.02', '2.A.2.a');
INSERT INTO Requires VALUES ('17-2199.02', '2.A.2.d');
INSERT INTO Requires VALUES ('17-2199.03', '2.A.1.a');
INSERT INTO Requires VALUES ('17-2199.03', '2.A.1.b');
INSERT INTO Requires VALUES ('17-2199.03', '2.A.1.c');
INSERT INTO Requires VALUES ('17-2199.03', '2.A.2.a');
INSERT INTO Requires VALUES ('17-2199.03', '2.A.2.d');
INSERT INTO Requires VALUES ('17-2199.03', '2.B.2.i');
INSERT INTO Requires VALUES ('17-2199.03', '2.B.4.g');
INSERT INTO Requires VALUES ('17-2199.04', '2.A.1.a');
INSERT INTO Requires VALUES ('17-2199.04', '2.A.1.b');
INSERT INTO Requires VALUES ('17-2199.04', '2.A.1.d');
INSERT INTO Requires VALUES ('17-2199.04', '2.A.1.e');
INSERT INTO Requires VALUES ('17-2199.04', '2.A.2.d');
INSERT INTO Requires VALUES ('17-2199.04', '2.B.2.i');
INSERT INTO Requires VALUES ('17-2199.04', '2.B.3.g');
INSERT INTO Requires VALUES ('17-2199.04', '2.B.4.e');
INSERT INTO Requires VALUES ('17-2199.06', '2.A.1.a');
INSERT INTO Requires VALUES ('17-2199.06', '2.A.1.b');
INSERT INTO Requires VALUES ('17-2199.06', '2.A.2.a');
INSERT INTO Requires VALUES ('17-2199.06', '2.B.2.i');
INSERT INTO Requires VALUES ('17-2199.07', '2.A.1.a');
INSERT INTO Requires VALUES ('17-2199.07', '2.A.1.c');
INSERT INTO Requires VALUES ('17-2199.07', '2.A.2.a');
INSERT INTO Requires VALUES ('17-2199.08', '2.A.1.a');
INSERT INTO Requires VALUES ('17-2199.08', '2.A.1.b');
INSERT INTO Requires VALUES ('17-2199.08', '2.A.2.a');
INSERT INTO Requires VALUES ('17-2199.08', '2.A.2.d');
INSERT INTO Requires VALUES ('17-2199.08', '2.B.2.i');
INSERT INTO Requires VALUES ('17-2199.08', '2.B.4.e');
INSERT INTO Requires VALUES ('17-2199.08', '2.B.4.g');
INSERT INTO Requires VALUES ('17-2199.09', '2.A.1.a');
INSERT INTO Requires VALUES ('17-2199.09', '2.A.1.c');
INSERT INTO Requires VALUES ('17-2199.09', '2.A.1.d');
INSERT INTO Requires VALUES ('17-2199.09', '2.A.1.f');
INSERT INTO Requires VALUES ('17-2199.09', '2.A.2.a');
INSERT INTO Requires VALUES ('17-2199.10', '2.A.2.a');
INSERT INTO Requires VALUES ('17-2199.11', '2.A.1.a');
INSERT INTO Requires VALUES ('17-3011.01', '2.A.2.a');
INSERT INTO Requires VALUES ('17-3021.00', '2.A.2.a');
INSERT INTO Requires VALUES ('17-3022.00', '2.A.2.a');
INSERT INTO Requires VALUES ('17-3024.00', '2.A.2.d');
INSERT INTO Requires VALUES ('17-3024.00', '2.B.3.g');
INSERT INTO Requires VALUES ('17-3024.00', '2.B.3.k');
INSERT INTO Requires VALUES ('17-3024.00', '2.B.3.m');
INSERT INTO Requires VALUES ('17-3024.01', '2.A.1.a');
INSERT INTO Requires VALUES ('17-3024.01', '2.A.2.a');
INSERT INTO Requires VALUES ('17-3024.01', '2.B.3.j');
INSERT INTO Requires VALUES ('17-3024.01', '2.B.3.k');
INSERT INTO Requires VALUES ('17-3024.01', '2.B.3.l');
INSERT INTO Requires VALUES ('17-3025.00', '2.A.1.a');
INSERT INTO Requires VALUES ('17-3025.00', '2.A.1.b');
INSERT INTO Requires VALUES ('17-3025.00', '2.A.2.a');
INSERT INTO Requires VALUES ('17-3026.00', '2.A.1.a');
INSERT INTO Requires VALUES ('17-3026.00', '2.A.1.b');
INSERT INTO Requires VALUES ('17-3026.00', '2.A.2.a');
INSERT INTO Requires VALUES ('17-3027.00', '2.A.1.a');
INSERT INTO Requires VALUES ('17-3029.04', '2.A.2.a');
INSERT INTO Requires VALUES ('17-3029.06', '2.A.1.e');
INSERT INTO Requires VALUES ('17-3029.06', '2.A.2.a');
INSERT INTO Requires VALUES ('17-3029.06', '2.B.4.e');
INSERT INTO Requires VALUES ('17-3029.06', '2.B.4.g');
INSERT INTO Requires VALUES ('17-3029.07', '2.A.1.b');
INSERT INTO Requires VALUES ('17-3029.09', '2.B.3.g');

-- Has_Skill

INSERT INTO Has_Skill VALUES (1, '2.A.1.d');
INSERT INTO Has_Skill VALUES (1, '2.A.2.c');
INSERT INTO Has_Skill VALUES (1, '2.B.1.e');
INSERT INTO Has_Skill VALUES (1, '2.B.3.a');
INSERT INTO Has_Skill VALUES (1, '2.B.3.g');
INSERT INTO Has_Skill VALUES (1, '2.B.3.j');
INSERT INTO Has_Skill VALUES (1, '2.B.4.g');
INSERT INTO Has_Skill VALUES (10, '2.A.2.d');
INSERT INTO Has_Skill VALUES (10, '2.B.3.g');
INSERT INTO Has_Skill VALUES (10, '2.B.3.h');
INSERT INTO Has_Skill VALUES (10, '2.B.3.l');
INSERT INTO Has_Skill VALUES (10, '2.B.4.e');
INSERT INTO Has_Skill VALUES (10, '2.B.4.h');
INSERT INTO Has_Skill VALUES (10, '2.B.5.d');
INSERT INTO Has_Skill VALUES (11, '2.A.1.d');
INSERT INTO Has_Skill VALUES (11, '2.B.2.i');
INSERT INTO Has_Skill VALUES (11, '2.B.3.b');
INSERT INTO Has_Skill VALUES (11, '2.B.4.h');
INSERT INTO Has_Skill VALUES (11, '2.B.5.d');
INSERT INTO Has_Skill VALUES (12, '2.A.2.a');
INSERT INTO Has_Skill VALUES (12, '2.A.2.c');
INSERT INTO Has_Skill VALUES (12, '2.B.1.f');
INSERT INTO Has_Skill VALUES (12, '2.B.3.a');
INSERT INTO Has_Skill VALUES (12, '2.B.5.a');
INSERT INTO Has_Skill VALUES (13, '2.A.2.d');
INSERT INTO Has_Skill VALUES (13, '2.B.2.i');
INSERT INTO Has_Skill VALUES (13, '2.B.3.g');
INSERT INTO Has_Skill VALUES (13, '2.B.5.a');
INSERT INTO Has_Skill VALUES (13, '2.B.5.c');
INSERT INTO Has_Skill VALUES (14, '2.A.2.a');
INSERT INTO Has_Skill VALUES (14, '2.B.2.i');
INSERT INTO Has_Skill VALUES (14, '2.B.3.h');
INSERT INTO Has_Skill VALUES (14, '2.B.5.b');
INSERT INTO Has_Skill VALUES (14, '2.B.5.c');
INSERT INTO Has_Skill VALUES (15, '2.A.1.a');
INSERT INTO Has_Skill VALUES (15, '2.B.1.d');
INSERT INTO Has_Skill VALUES (15, '2.B.1.e');
INSERT INTO Has_Skill VALUES (15, '2.B.2.i');
INSERT INTO Has_Skill VALUES (15, '2.B.3.b');
INSERT INTO Has_Skill VALUES (15, '2.B.3.h');
INSERT INTO Has_Skill VALUES (15, '2.B.3.k');
INSERT INTO Has_Skill VALUES (16, '2.A.1.f');
INSERT INTO Has_Skill VALUES (16, '2.B.1.d');
INSERT INTO Has_Skill VALUES (16, '2.B.3.k');
INSERT INTO Has_Skill VALUES (16, '2.B.4.g');
INSERT INTO Has_Skill VALUES (16, '2.B.5.c');
INSERT INTO Has_Skill VALUES (17, '2.B.1.a');
INSERT INTO Has_Skill VALUES (17, '2.B.1.f');
INSERT INTO Has_Skill VALUES (18, '2.A.1.b');
INSERT INTO Has_Skill VALUES (18, '2.B.1.a');
INSERT INTO Has_Skill VALUES (18, '2.B.3.l');
INSERT INTO Has_Skill VALUES (18, '2.B.4.h');
INSERT INTO Has_Skill VALUES (19, '2.A.1.a');
INSERT INTO Has_Skill VALUES (19, '2.A.1.d');
INSERT INTO Has_Skill VALUES (19, '2.B.3.j');
INSERT INTO Has_Skill VALUES (19, '2.B.4.g');
INSERT INTO Has_Skill VALUES (19, '2.B.5.b');
INSERT INTO Has_Skill VALUES (19, '2.B.5.c');
INSERT INTO Has_Skill VALUES (2, '2.A.1.b');
INSERT INTO Has_Skill VALUES (2, '2.A.1.e');
INSERT INTO Has_Skill VALUES (2, '2.B.1.a');
INSERT INTO Has_Skill VALUES (2, '2.B.1.b');
INSERT INTO Has_Skill VALUES (2, '2.B.1.c');
INSERT INTO Has_Skill VALUES (2, '2.B.1.d');
INSERT INTO Has_Skill VALUES (20, '2.A.1.e');
INSERT INTO Has_Skill VALUES (20, '2.A.2.a');
INSERT INTO Has_Skill VALUES (20, '2.B.2.i');
INSERT INTO Has_Skill VALUES (20, '2.B.3.k');
INSERT INTO Has_Skill VALUES (3, '2.A.1.a');
INSERT INTO Has_Skill VALUES (3, '2.B.1.b');
INSERT INTO Has_Skill VALUES (3, '2.B.1.c');
INSERT INTO Has_Skill VALUES (3, '2.B.2.i');
INSERT INTO Has_Skill VALUES (3, '2.B.4.h');
INSERT INTO Has_Skill VALUES (4, '2.A.2.a');
INSERT INTO Has_Skill VALUES (4, '2.A.2.b');
INSERT INTO Has_Skill VALUES (4, '2.A.2.d');
INSERT INTO Has_Skill VALUES (4, '2.B.3.c');
INSERT INTO Has_Skill VALUES (4, '2.B.3.d');
INSERT INTO Has_Skill VALUES (5, '2.A.1.d');
INSERT INTO Has_Skill VALUES (5, '2.A.1.e');
INSERT INTO Has_Skill VALUES (5, '2.B.1.c');
INSERT INTO Has_Skill VALUES (5, '2.B.3.h');
INSERT INTO Has_Skill VALUES (6, '2.A.1.e');
INSERT INTO Has_Skill VALUES (6, '2.B.4.h');
INSERT INTO Has_Skill VALUES (7, '2.A.1.b');
INSERT INTO Has_Skill VALUES (7, '2.A.1.d');
INSERT INTO Has_Skill VALUES (7, '2.A.2.a');
INSERT INTO Has_Skill VALUES (7, '2.B.5.b');
INSERT INTO Has_Skill VALUES (7, '2.B.5.d');
INSERT INTO Has_Skill VALUES (8, '2.A.2.b');
INSERT INTO Has_Skill VALUES (8, '2.B.1.b');
INSERT INTO Has_Skill VALUES (8, '2.B.1.d');
INSERT INTO Has_Skill VALUES (8, '2.B.3.c');
INSERT INTO Has_Skill VALUES (8, '2.B.3.j');
INSERT INTO Has_Skill VALUES (9, '2.A.1.a');
INSERT INTO Has_Skill VALUES (9, '2.B.3.l');

-- Works

INSERT INTO Works VALUES (1, 75023807, '2003-04-06', CURRENT_DATE);
INSERT INTO Works VALUES (10, 64864253, '2015-02-28', CURRENT_DATE);
INSERT INTO Works VALUES (11, 25102725, '2010-04-21', CURRENT_DATE);
INSERT INTO Works VALUES (12, 31123770, '2009-05-12', CURRENT_DATE);
INSERT INTO Works VALUES (13, 95516208, '2014-05-09', CURRENT_DATE);
INSERT INTO Works VALUES (14, 86132211, '2012-07-26', CURRENT_DATE);
INSERT INTO Works VALUES (15, 46427382, '2003-10-11', CURRENT_DATE);
INSERT INTO Works VALUES (16, 16816875, '2013-02-26', CURRENT_DATE);
INSERT INTO Works VALUES (17, 32266635, '2004-07-11', CURRENT_DATE);
INSERT INTO Works VALUES (18, 39713270, '2003-04-07', CURRENT_DATE);
INSERT INTO Works VALUES (19, 54363791, '2002-08-20', CURRENT_DATE);
INSERT INTO Works VALUES (2, 67687216, '2003-07-15', CURRENT_DATE);
INSERT INTO Works VALUES (20, 62674078, '2006-01-05', CURRENT_DATE);
INSERT INTO Works VALUES (3, 56782117, '2006-07-21', CURRENT_DATE);
INSERT INTO Works VALUES (4, 23811927, '2018-10-02', CURRENT_DATE);
INSERT INTO Works VALUES (5, 42260833, '2006-10-30', CURRENT_DATE);
INSERT INTO Works VALUES (6, 66589447, '2016-12-12', CURRENT_DATE);
INSERT INTO Works VALUES (7, 38300527, '2007-08-05', CURRENT_DATE);
INSERT INTO Works VALUES (8, 92271986, '2004-11-14', CURRENT_DATE);
INSERT INTO Works VALUES (9, 72036127, '2015-09-09', CURRENT_DATE);

-- Phone

INSERT INTO Phone VALUES (18, '662-141-2559', 'mobile');
INSERT INTO Phone VALUES (5, '816-214-5530', 'work');
INSERT INTO Phone VALUES (12, '781-440-0641', 'mobile');
INSERT INTO Phone VALUES (6, '237-490-0248', 'work');
INSERT INTO Phone VALUES (14, '324-617-4242', 'home');
INSERT INTO Phone VALUES (6, '347-781-9281', 'home');
INSERT INTO Phone VALUES (17, '834-199-4412', 'home');
INSERT INTO Phone VALUES (14, '270-575-7738', 'work');
INSERT INTO Phone VALUES (12, '275-915-1932', 'mobile');
INSERT INTO Phone VALUES (18, '231-622-6476', 'mobile');
INSERT INTO Phone VALUES (2, '283-533-7331', 'home');
INSERT INTO Phone VALUES (13, '696-648-8859', 'work');
INSERT INTO Phone VALUES (20, '837-984-6324', 'home');
INSERT INTO Phone VALUES (10, '318-106-2290', 'home');
INSERT INTO Phone VALUES (15, '163-655-3794', 'mobile');
INSERT INTO Phone VALUES (7, '202-753-3587', 'home');
INSERT INTO Phone VALUES (11, '153-633-9178', 'work');
INSERT INTO Phone VALUES (5, '134-515-0197', 'home');
INSERT INTO Phone VALUES (1, '707-746-6092', 'home');
INSERT INTO Phone VALUES (3, '760-153-1098', 'home');
INSERT INTO Phone VALUES (8, '326-844-5022', 'work');
INSERT INTO Phone VALUES (9, '369-310-2999', 'home');
INSERT INTO Phone VALUES (20, '101-164-6472', 'mobile');
INSERT INTO Phone VALUES (12, '555-177-9319', 'home');
INSERT INTO Phone VALUES (15, '640-729-4774', 'work');
INSERT INTO Phone VALUES (5, '435-936-2426', 'work');
INSERT INTO Phone VALUES (9, '646-584-3229', 'home');
INSERT INTO Phone VALUES (12, '204-949-7653', 'mobile');
INSERT INTO Phone VALUES (9, '409-418-9262', 'work');
INSERT INTO Phone VALUES (7, '961-845-9857', 'mobile');
INSERT INTO Phone VALUES (16, '142-246-6659', 'home');
INSERT INTO Phone VALUES (4, '963-348-0240', 'work');
INSERT INTO Phone VALUES (11, '829-506-1704', 'home');
INSERT INTO Phone VALUES (16, '320-661-7360', 'work');
INSERT INTO Phone VALUES (18, '154-997-7690', 'work');
INSERT INTO Phone VALUES (14, '340-717-6080', 'mobile');
INSERT INTO Phone VALUES (19, '572-501-9146', 'mobile');
INSERT INTO Phone VALUES (13, '111-164-7564', 'mobile');
INSERT INTO Phone VALUES (11, '537-476-2633', 'home');
INSERT INTO Phone VALUES (20, '378-159-7927', 'mobile');
INSERT INTO Phone VALUES (2, '653-428-8211', 'work');
INSERT INTO Phone VALUES (10, '404-767-8120', 'mobile');
INSERT INTO Phone VALUES (9, '362-985-0995', 'mobile');
INSERT INTO Phone VALUES (17, '335-691-2175', 'home');
INSERT INTO Phone VALUES (1, '742-711-1033', 'home');
INSERT INTO Phone VALUES (7, '534-685-0694', 'home');
INSERT INTO Phone VALUES (11, '174-873-9289', 'work');
INSERT INTO Phone VALUES (20, '499-872-6257', 'work');
INSERT INTO Phone VALUES (9, '302-683-2908', 'home');
INSERT INTO Phone VALUES (4, '998-134-1091', 'mobile');

-- Customers

INSERT INTO Customer VALUES (93081466, 80056194, 'Elmer Busfield', 'ebusfield0@example.com');
INSERT INTO Customer VALUES (54796361, 88879750, 'Bale Wintour', 'bwintour1@japanpost.jp');
INSERT INTO Customer VALUES (33312562, 49289688, 'Flori Schankelborg', 'fschankelborg2@ask.com');
INSERT INTO Customer VALUES (75126727, 74016761, 'Gates Tillerton', 'gtillerton3@woothemes.com');
INSERT INTO Customer VALUES (21255693, 49289688, 'Les Mitchenson', 'lmitchenson4@google.ru');
INSERT INTO Customer VALUES (57134418, 95219711, 'Hildagard Bencher', 'hbencher5@cloudflare.com');
INSERT INTO Customer VALUES (28943711, 80107466, 'Kathleen Cossans', 'kcossans6@noaa.gov');
INSERT INTO Customer VALUES (67849263, 81852802, 'Sunny Algie', 'salgie7@geocities.jp');
INSERT INTO Customer VALUES (36674772, 30352096, 'Ree Jackalin', 'rjackalin8@posterous.com');
INSERT INTO Customer VALUES (93090684, 88879750, 'Joline Capener', 'jcapener9@pinterest.com');
INSERT INTO Customer VALUES (32882786, 51922324, 'Tarrah Tuttiett', 'ttuttietta@tripadvisor.com');
INSERT INTO Customer VALUES (37508614, 63134464, 'Benedikt Fairholme', 'bfairholmeb@oracle.com');
INSERT INTO Customer VALUES (61663277, 52791614, 'Loraine Libero', 'lliberoc@aboutads.info');
INSERT INTO Customer VALUES (30202916, 89964315, 'Herbert Dunstone', 'hdunstoned@wiley.com');
INSERT INTO Customer VALUES (44337083, 14423821, 'Arnie Docharty', 'adochartye@list-manage.com');
INSERT INTO Customer VALUES (38620984, 21175747, 'Tymothy Danher', 'tdanherf@guardian.co.uk');
INSERT INTO Customer VALUES (39125291, 47672407, 'Raul Jimmison', 'rjimmisong@dot.gov');
INSERT INTO Customer VALUES (92816452, 42622303, 'Veronika Lemmon', 'vlemmonh@eventbrite.com');
INSERT INTO Customer VALUES (99838720, 80056194, 'Trude Brecher', 'tbrecheri@histats.com');
INSERT INTO Customer VALUES (69597730, 36748517, 'Codee Garatty', 'cgarattyj@prweb.com');
INSERT INTO Customer VALUES (95177682, 99759883, 'Sully Stuer', 'sstuerk@answers.com');
INSERT INTO Customer VALUES (12682636, 87583644, 'Lorant Sarfass', 'lsarfassl@newyorker.com');
INSERT INTO Customer VALUES (27848930, 99759883, 'Regina Oxteby', 'roxtebym@dot.gov');
INSERT INTO Customer VALUES (60804196, 16218173, 'Marja Durban', 'mdurbann@twitpic.com');
INSERT INTO Customer VALUES (47217574, 14423821, 'York Fearby', 'yfearbyo@timesonline.co.uk');
INSERT INTO Customer VALUES (11673463, 60352376, 'Sophia Mealing', 'smealingp@cam.ac.uk');
INSERT INTO Customer VALUES (57544574, 80107466, 'Lee Clarage', 'lclarageq@miitbeian.gov.cn');
INSERT INTO Customer VALUES (69738123, 36748517, 'Richart Naerup', 'rnaerupr@newsvine.com');
INSERT INTO Customer VALUES (83276884, 80056194, 'Johnnie Cufflin', 'jcufflins@pagesperso-orange.fr');
INSERT INTO Customer VALUES (71548761, 86001789, 'Kaitlyn Schult', 'kschultt@ocn.ne.jp');
INSERT INTO Customer VALUES (81099487, 88879750, 'Corri Bowbrick', 'cbowbricku@typepad.com');
INSERT INTO Customer VALUES (80526134, 99189515, 'Duke Whimp', 'dwhimpv@free.fr');
INSERT INTO Customer VALUES (88718810, 10802975, 'Mariel Varney', 'mvarneyw@unblog.fr');
INSERT INTO Customer VALUES (97887583, 36748517, 'Annecorinne Zealander', 'azealanderx@hubpages.com');
INSERT INTO Customer VALUES (25289845, 89964315, 'Emmery Drust', 'edrusty@dell.com');
INSERT INTO Customer VALUES (60534812, 80107466, 'Marley Luddy', 'mluddyz@myspace.com');
INSERT INTO Customer VALUES (89929290, 99189515, 'Hailee Dunseath', 'hdunseath10@alexa.com');
INSERT INTO Customer VALUES (24793436, 37138506, 'Loria Adhams', 'ladhams11@unesco.org');
INSERT INTO Customer VALUES (60938871, 80085129, 'Jonis Blumsom', 'jblumsom12@wordpress.com');
INSERT INTO Customer VALUES (69903117, 86383092, 'Estelle Very', 'every13@g.co');
INSERT INTO Customer VALUES (99851008, 47672407, 'Bartholomeo Sibly', 'bsibly14@bing.com');
INSERT INTO Customer VALUES (98410243, 49289688, 'Dawna Axford', 'daxford15@cnet.com');
INSERT INTO Customer VALUES (16561213, 34318586, 'Christean Livesay', 'clivesay16@wiley.com');
INSERT INTO Customer VALUES (20929785, 21175747, 'Bunny Bazelle', 'bbazelle17@ovh.net');
INSERT INTO Customer VALUES (69822530, 80085129, 'Moria O''Hallagan', 'mohallagan18@wikipedia.org');
INSERT INTO Customer VALUES (82192765, 95219711, 'Auroora Pawsey', 'apawsey19@zdnet.com');
INSERT INTO Customer VALUES (52188960, 10478561, 'Ibrahim Lejeune', 'ilejeune1a@google.cn');
INSERT INTO Customer VALUES (82559904, 14423821, 'Roselia Cowans', 'rcowans1b@go.com');
INSERT INTO Customer VALUES (93349094, 74016761, 'Mandie Challes', 'mchalles1c@state.tx.us');
INSERT INTO Customer VALUES (49974739, 52791614, 'Nicolette Clough', 'nclough1d@merriam-webster.com');
INSERT INTO Customer VALUES (43834003, 15249852, 'Morly McQuaid', 'mmcquaid1e@oaic.gov.au');
INSERT INTO Customer VALUES (99102553, 95219711, 'Filippo Pyner', 'fpyner1f@fc2.com');
INSERT INTO Customer VALUES (92910480, 81852802, 'Kyrstin Burge', 'kburge1g@trellian.com');
INSERT INTO Customer VALUES (30190328, 61188408, 'Hyatt Tunnick', 'htunnick1h@opensource.org');
INSERT INTO Customer VALUES (61485146, 95219711, 'Mollee Hoyes', 'mhoyes1i@abc.net.au');
INSERT INTO Customer VALUES (91513048, 97610389, 'Decca Reinisch', 'dreinisch1j@arstechnica.com');
INSERT INTO Customer VALUES (61365061, 37138506, 'Nolana Newbold', 'nnewbold1k@over-blog.com');
INSERT INTO Customer VALUES (53418906, 14466473, 'Pietro Jelk', 'pjelk1l@rakuten.co.jp');
INSERT INTO Customer VALUES (71601511, 74016761, 'Suzette Basini-Gazzi', 'sbasinigazzi1m@google.co.uk');
INSERT INTO Customer VALUES (25518472, 99759883, 'Lorinda Joincey', 'ljoincey1n@discuz.net');
INSERT INTO Customer VALUES (86454563, 95219711, 'Connor Camamill', 'ccamamill1o@reddit.com');
INSERT INTO Customer VALUES (17169396, 39090920, 'Woodman Pigot', 'wpigot1p@zdnet.com');
INSERT INTO Customer VALUES (54431480, 15249852, 'Coop Moggle', 'cmoggle1q@unicef.org');
INSERT INTO Customer VALUES (22621577, 17544563, 'Kipper Baus', 'kbaus1r@unblog.fr');
INSERT INTO Customer VALUES (93414326, 37282756, 'Mirelle Meedendorpe', 'mmeedendorpe1s@blogtalkradio.com');
INSERT INTO Customer VALUES (58692604, 81852802, 'Lester Snarie', 'lsnarie1t@4shared.com');
INSERT INTO Customer VALUES (89050196, 10711209, 'Diane Vasovic', 'dvasovic1u@jugem.jp');
INSERT INTO Customer VALUES (51443892, 16218173, 'Ave Cominello', 'acominello1v@histats.com');
INSERT INTO Customer VALUES (99550730, 47672407, 'Kerri Treneer', 'ktreneer1w@deliciousdays.com');
INSERT INTO Customer VALUES (90643091, 99759883, 'Jeanna Otter', 'jotter1x@youku.com');
INSERT INTO Customer VALUES (45156729, 39090920, 'Raeann Ivanchenkov', 'rivanchenkov1y@newsvine.com');
INSERT INTO Customer VALUES (34128287, 87583644, 'Deana Brosini', 'dbrosini1z@netvibes.com');
INSERT INTO Customer VALUES (64956222, 10478561, 'Lorenzo Methven', 'lmethven20@cloudflare.com');
INSERT INTO Customer VALUES (72957737, 62671753, 'Danny Wyman', 'dwyman21@flavors.me');
INSERT INTO Customer VALUES (32329853, 49289688, 'Cassondra Viveash', 'cviveash22@trellian.com');
INSERT INTO Customer VALUES (59825336, 36748517, 'Jewelle Lofts', 'jlofts23@scribd.com');
INSERT INTO Customer VALUES (46971756, 99759883, 'Jacquelin Pleasants', 'jpleasants24@ucla.edu');
INSERT INTO Customer VALUES (61792628, 10711209, 'Normy Schooley', 'nschooley25@mac.com');
INSERT INTO Customer VALUES (32579691, 10802975, 'Lishe Greenstreet', 'lgreenstreet26@cbslocal.com');
INSERT INTO Customer VALUES (75005876, 34318586, 'Erie Leas', 'eleas27@nsw.gov.au');
INSERT INTO Customer VALUES (69033129, 60398734, 'Grover Shrimptone', 'gshrimptone28@seattletimes.com');
INSERT INTO Customer VALUES (57166748, 88879750, 'Tony Dyott', 'tdyott29@discovery.com');
INSERT INTO Customer VALUES (89967095, 17035572, 'Durand Korneev', 'dkorneev2a@w3.org');
INSERT INTO Customer VALUES (47851561, 14466473, 'Liuka Gillebert', 'lgillebert2b@github.io');
INSERT INTO Customer VALUES (76892846, 30352096, 'Natal Tilberry', 'ntilberry2c@bluehost.com');
INSERT INTO Customer VALUES (82574953, 18517828, 'Tamma Tomsen', 'ttomsen2d@hud.gov');
INSERT INTO Customer VALUES (41344226, 52791614, 'Bess McGaugey', 'bmcgaugey2e@intel.com');
INSERT INTO Customer VALUES (18932697, 21175747, 'Bradly Skeemer', 'bskeemer2f@uol.com.br');
INSERT INTO Customer VALUES (16473968, 21175747, 'Florrie Steptow', 'fsteptow2g@wikimedia.org');
INSERT INTO Customer VALUES (48349110, 36748517, 'Karina Dymott', 'kdymott2h@purevolume.com');
INSERT INTO Customer VALUES (19659264, 14466473, 'Skippy Rickman', 'srickman2i@theglobeandmail.com');
INSERT INTO Customer VALUES (60028818, 86001789, 'Janeta Lobley', 'jlobley2j@1688.com');
INSERT INTO Customer VALUES (64354719, 97610389, 'Charmain Wallett', 'cwallett2k@abc.net.au');
INSERT INTO Customer VALUES (82427309, 74016761, 'Moore Izatt', 'mizatt2l@live.com');
INSERT INTO Customer VALUES (38003712, 86001789, 'Saundra Connerly', 'sconnerly2m@moonfruit.com');
INSERT INTO Customer VALUES (14549105, 30352096, 'Margareta Stoller', 'mstoller2n@fda.gov');
INSERT INTO Customer VALUES (64812664, 81852802, 'Hunfredo Wildgoose', 'hwildgoose2o@delicious.com');
INSERT INTO Customer VALUES (57026104, 60398734, 'Lulita Claybourn', 'lclaybourn2p@hubpages.com');
INSERT INTO Customer VALUES (14185437, 17035572, 'Cirstoforo Ellingworth', 'cellingworth2q@reddit.com');
INSERT INTO Customer VALUES (96719590, 51922324, 'Aluin Josham', 'ajosham2r@pcworld.com');
INSERT INTO Customer VALUES (37404719, 10802975, 'Helyn Pencost', 'hpencost2s@shinystat.com');
INSERT INTO Customer VALUES (97947533, 99759883, 'Latrena Toy', 'ltoy2t@addtoany.com');
INSERT INTO Customer VALUES (57106303, 60702819, 'Karlen Locke', 'klocke2u@seattletimes.com');
INSERT INTO Customer VALUES (97638380, 86383092, 'Jay Larrad', 'jlarrad2v@live.com');
INSERT INTO Customer VALUES (61111162, 10478561, 'Gabby Dymidowicz', 'gdymidowicz2w@exblog.jp');
INSERT INTO Customer VALUES (45292980, 17544563, 'Austine Nabarro', 'anabarro2x@zimbio.com');
INSERT INTO Customer VALUES (39954437, 99759883, 'Berton Stow', 'bstow2y@bigcartel.com');
INSERT INTO Customer VALUES (76264762, 21175747, 'Cornie Read', 'cread2z@github.io');
INSERT INTO Customer VALUES (91433831, 63134464, 'Rowen Glauber', 'rglauber30@cbc.ca');
INSERT INTO Customer VALUES (32704248, 94528109, 'Adela Osgar', 'aosgar31@cnbc.com');
INSERT INTO Customer VALUES (69537432, 62671753, 'Gusella Haselgrove', 'ghaselgrove32@mac.com');
INSERT INTO Customer VALUES (67369344, 37138506, 'Marcellina Leiden', 'mleiden33@ezinearticles.com');
INSERT INTO Customer VALUES (76939990, 87583644, 'Daren De Witt', 'dde34@apple.com');
INSERT INTO Customer VALUES (79940380, 17544563, 'Beniamino Lagden', 'blagden35@slate.com');
INSERT INTO Customer VALUES (89844429, 63134464, 'Wendell Brauns', 'wbrauns36@newyorker.com');
INSERT INTO Customer VALUES (22905147, 74016761, 'Trescha Crummay', 'tcrummay37@businessweek.com');
INSERT INTO Customer VALUES (91513218, 10214173, 'Dode Kilfoyle', 'dkilfoyle38@cocolog-nifty.com');
INSERT INTO Customer VALUES (23483780, 15249852, 'Juliann Guilford', 'jguilford39@jimdo.com');
INSERT INTO Customer VALUES (82345647, 60702819, 'Nan Roper', 'nroper3a@usnews.com');
INSERT INTO Customer VALUES (67815535, 30352096, 'Abeu Treleven', 'atreleven3b@last.fm');
INSERT INTO Customer VALUES (94564671, 34318586, 'Franciskus McCartney', 'fmccartney3c@harvard.edu');
INSERT INTO Customer VALUES (45336944, 18517828, 'Fran Halpin', 'fhalpin3d@independent.co.uk');
INSERT INTO Customer VALUES (45860496, 73941743, 'Kipp Bohlsen', 'kbohlsen3e@patch.com');
INSERT INTO Customer VALUES (55085463, 51922324, 'Hersch Deeth', 'hdeeth3f@usgs.gov');
INSERT INTO Customer VALUES (75869451, 47672407, 'Tilly Driuzzi', 'tdriuzzi3g@stanford.edu');
INSERT INTO Customer VALUES (27037265, 80112213, 'Lyndel Paxton', 'lpaxton3h@reverbnation.com');
INSERT INTO Customer VALUES (69107334, 88879750, 'Karylin Laurenz', 'klaurenz3i@cafepress.com');
INSERT INTO Customer VALUES (16685676, 73941743, 'Derwin Janew', 'djanew3j@meetup.com');
INSERT INTO Customer VALUES (16979096, 80085129, 'Kalie Zamorano', 'kzamorano3k@nbcnews.com');
INSERT INTO Customer VALUES (93575713, 47672407, 'Freddi Elnor', 'felnor3l@simplemachines.org');
INSERT INTO Customer VALUES (98583702, 34318586, 'Agna McGarrity', 'amcgarrity3m@t.co');
INSERT INTO Customer VALUES (93829123, 17035572, 'Angelique Cornes', 'acornes3n@surveymonkey.com');
INSERT INTO Customer VALUES (34175606, 97610389, 'Luci Hallen', 'lhallen3o@indiegogo.com');
INSERT INTO Customer VALUES (46170438, 21175747, 'Nanete Dawidowitz', 'ndawidowitz3p@mozilla.com');
INSERT INTO Customer VALUES (31119077, 99189515, 'Matthias Boulger', 'mboulger3q@163.com');
INSERT INTO Customer VALUES (36067922, 26933758, 'Elyse Donavan', 'edonavan3r@nymag.com');
INSERT INTO Customer VALUES (80720171, 80112213, 'Berenice Geard', 'bgeard3s@narod.ru');
INSERT INTO Customer VALUES (64250629, 18517828, 'Evie Chalfont', 'echalfont3t@sun.com');
INSERT INTO Customer VALUES (77137308, 39090920, 'Adele Spurden', 'aspurden3u@reverbnation.com');
INSERT INTO Customer VALUES (30674388, 52519087, 'Mireille Form', 'mform3v@toplist.cz');
INSERT INTO Customer VALUES (57266587, 73941743, 'Bing Flexman', 'bflexman3w@etsy.com');
INSERT INTO Customer VALUES (58577861, 26933758, 'Jeannette Bagger', 'jbagger3x@hatena.ne.jp');
INSERT INTO Customer VALUES (74003440, 89964315, 'Remington Shearston', 'rshearston3y@about.com');
INSERT INTO Customer VALUES (18583508, 60352376, 'Rustie Leggett', 'rleggett3z@wordpress.com');
INSERT INTO Customer VALUES (67634554, 14423821, 'Bianka Backs', 'bbacks40@a8.net');
INSERT INTO Customer VALUES (54117894, 88879750, 'Dana Slograve', 'dslograve41@bloomberg.com');
INSERT INTO Customer VALUES (86821311, 16218173, 'Lindsay Ugo', 'lugo42@marriott.com');
INSERT INTO Customer VALUES (82494002, 27314601, 'Flore Cleave', 'fcleave43@last.fm');
INSERT INTO Customer VALUES (15416887, 95219711, 'Alvina Gavriel', 'agavriel44@deviantart.com');
INSERT INTO Customer VALUES (26883102, 60398734, 'Deirdre Donlon', 'ddonlon45@liveinternet.ru');
INSERT INTO Customer VALUES (86474266, 60352376, 'Phillipe Redfern', 'predfern46@123-reg.co.uk');
INSERT INTO Customer VALUES (86602894, 80056194, 'Jacinta Stiant', 'jstiant47@indiegogo.com');
INSERT INTO Customer VALUES (99906911, 18517828, 'Bendick Brompton', 'bbrompton48@wired.com');
INSERT INTO Customer VALUES (93591115, 17544563, 'Rosalinda Mosdall', 'rmosdall49@shop-pro.jp');
INSERT INTO Customer VALUES (77558076, 97610389, 'Bartlett Benedick', 'bbenedick4a@amazon.de');
INSERT INTO Customer VALUES (93095077, 97610389, 'Jon Woloschinski', 'jwoloschinski4b@telegraph.co.uk');
INSERT INTO Customer VALUES (50783042, 86001789, 'Trula Tofanelli', 'ttofanelli4c@com.com');
INSERT INTO Customer VALUES (68342180, 52519087, 'Chelsae Rosewell', 'crosewell4d@creativecommons.org');
INSERT INTO Customer VALUES (50774412, 63134464, 'Keir Morrid', 'kmorrid4e@japanpost.jp');
INSERT INTO Customer VALUES (84057219, 60352376, 'Lina Mulhall', 'lmulhall4f@bizjournals.com');
INSERT INTO Customer VALUES (34753897, 42622303, 'Gay Alten', 'galten4g@miibeian.gov.cn');
INSERT INTO Customer VALUES (48521846, 80112213, 'Vikky Gillbee', 'vgillbee4h@deliciousdays.com');
INSERT INTO Customer VALUES (43334646, 37138506, 'Deena Ivashnyov', 'divashnyov4i@forbes.com');
INSERT INTO Customer VALUES (87699078, 88879750, 'Renault Kinze', 'rkinze4j@nih.gov');
INSERT INTO Customer VALUES (79608280, 60398734, 'Peg Plant', 'pplant4k@mit.edu');
INSERT INTO Customer VALUES (27614899, 99759883, 'Kelley Fourman', 'kfourman4l@alibaba.com');
INSERT INTO Customer VALUES (69366274, 94528109, 'Nikita Scupham', 'nscupham4m@redcross.org');
INSERT INTO Customer VALUES (82525466, 17035572, 'Price Offell', 'poffell4n@merriam-webster.com');
INSERT INTO Customer VALUES (27021193, 10478561, 'Walther Rashleigh', 'wrashleigh4o@microsoft.com');
INSERT INTO Customer VALUES (92679546, 10711209, 'Glenden Navein', 'gnavein4p@goo.gl');
INSERT INTO Customer VALUES (32018776, 21175747, 'Giuseppe Morigan', 'gmorigan4q@nbcnews.com');
INSERT INTO Customer VALUES (15169557, 27314601, 'Alla Navarre', 'anavarre4r@jimdo.com');
INSERT INTO Customer VALUES (93279689, 60702819, 'John Abdee', 'jabdee4s@webs.com');
INSERT INTO Customer VALUES (70634998, 27314601, 'Avery Stickland', 'astickland4t@w3.org');
INSERT INTO Customer VALUES (68863385, 89964315, 'Amery Antos', 'aantos4u@flickr.com');
INSERT INTO Customer VALUES (56321978, 36748517, 'Shelby Alelsandrovich', 'salelsandrovich4v@unc.edu');
INSERT INTO Customer VALUES (63478440, 60352376, 'Gardner Clymer', 'gclymer4w@imgur.com');
INSERT INTO Customer VALUES (93202710, 63134464, 'Darleen Sweet', 'dsweet4x@yandex.ru');
INSERT INTO Customer VALUES (96860735, 10802975, 'Aguie Jordi', 'ajordi4y@1688.com');
INSERT INTO Customer VALUES (49081673, 81852802, 'Miner Doughty', 'mdoughty4z@imgur.com');
INSERT INTO Customer VALUES (77085314, 39090920, 'Edouard Lazarus', 'elazarus50@virginia.edu');
INSERT INTO Customer VALUES (47647791, 86001789, 'Sandy Showl', 'sshowl51@webmd.com');
INSERT INTO Customer VALUES (35603562, 62671753, 'Tally Cornwell', 'tcornwell52@google.es');
INSERT INTO Customer VALUES (97720570, 60398734, 'Aleda Keirl', 'akeirl53@edublogs.org');
INSERT INTO Customer VALUES (40675506, 80085129, 'Amandi Klazenga', 'aklazenga54@ucla.edu');
INSERT INTO Customer VALUES (55545155, 80107466, 'Cross Toretta', 'ctoretta55@feedburner.com');
INSERT INTO Customer VALUES (84231015, 73941743, 'Arvin Barrass', 'abarrass56@booking.com');
INSERT INTO Customer VALUES (25839585, 18517828, 'Merle Mulqueeny', 'mmulqueeny57@de.vu');
INSERT INTO Customer VALUES (98863235, 47672407, 'Miguelita Renison', 'mrenison58@sina.com.cn');
INSERT INTO Customer VALUES (26049813, 89964315, 'Fredia Buckthorp', 'fbuckthorp59@mit.edu');
INSERT INTO Customer VALUES (40130619, 10802975, 'Bonnie Bims', 'bbims5a@un.org');
INSERT INTO Customer VALUES (48101234, 95219711, 'Giffer Children', 'gchildren5b@deviantart.com');
INSERT INTO Customer VALUES (65373181, 34318586, 'Orren Morden', 'omorden5c@cmu.edu');
INSERT INTO Customer VALUES (85549217, 14466473, 'Antonietta Surpliss', 'asurpliss5d@facebook.com');
INSERT INTO Customer VALUES (46181647, 51922324, 'Wilhelm Belitz', 'wbelitz5e@so-net.ne.jp');
INSERT INTO Customer VALUES (82909898, 60702819, 'Eustacia Mersh', 'emersh5f@live.com');
INSERT INTO Customer VALUES (12812587, 47672407, 'Merwin Wadeson', 'mwadeson5g@telegraph.co.uk');
INSERT INTO Customer VALUES (28053411, 14466473, 'Dick Grenshields', 'dgrenshields5h@symantec.com');
INSERT INTO Customer VALUES (76510122, 63134464, 'Twyla Fontelles', 'tfontelles5i@scribd.com');
INSERT INTO Customer VALUES (44534765, 87583644, 'Murielle Pencost', 'mpencost5j@desdev.cn');
INSERT INTO Customer VALUES (63972279, 16218173, 'Dave Piborn', 'dpiborn5k@mysql.com');
INSERT INTO Customer VALUES (52587050, 89964315, 'Demetre Gerrell', 'dgerrell5l@1und1.de');
INSERT INTO Customer VALUES (34695986, 10711209, 'Marshall Angell', 'mangell5m@rediff.com');
INSERT INTO Customer VALUES (71216019, 73941743, 'Julia Dumingo', 'jdumingo5n@oaic.gov.au');
INSERT INTO Customer VALUES (87909073, 80056194, 'Melvin Savery', 'msavery5o@google.de');
INSERT INTO Customer VALUES (84633251, 94528109, 'Major Gumary', 'mgumary5p@netscape.com');
INSERT INTO Customer VALUES (24108658, 26933758, 'Aristotle Laherty', 'alaherty5q@pagesperso-orange.fr');
INSERT INTO Customer VALUES (41627780, 52519087, 'Doll Jorck', 'djorck5r@sogou.com');
INSERT INTO Customer VALUES (84822952, 39090920, 'Van Breakey', 'vbreakey5s@gmpg.org');
INSERT INTO Customer VALUES (28697867, 51922324, 'Gabriela Govett', 'ggovett5t@opensource.org');
INSERT INTO Customer VALUES (48244206, 51922324, 'Rochella Franses', 'rfranses5u@1und1.de');
INSERT INTO Customer VALUES (93565697, 60352376, 'Morgun Metcalf', 'mmetcalf5v@exblog.jp');
INSERT INTO Customer VALUES (86198038, 97610389, 'Kass Notti', 'knotti5w@sciencedirect.com');
INSERT INTO Customer VALUES (72978056, 18517828, 'Aguste Barnson', 'abarnson5x@flickr.com');
INSERT INTO Customer VALUES (98406658, 80107466, 'Griffith McGrane', 'gmcgrane5y@4shared.com');
INSERT INTO Customer VALUES (66431287, 60352376, 'Anjanette Chidgey', 'achidgey5z@boston.com');
INSERT INTO Customer VALUES (40619730, 34318586, 'Forbes Maycock', 'fmaycock60@unicef.org');
INSERT INTO Customer VALUES (59527940, 37282756, 'Brigida Mapp', 'bmapp61@theglobeandmail.com');
INSERT INTO Customer VALUES (77630978, 94528109, 'Waverly Adlam', 'wadlam62@google.de');
INSERT INTO Customer VALUES (43099902, 51922324, 'Dyann Armfield', 'darmfield63@nhs.uk');
INSERT INTO Customer VALUES (81226855, 80085129, 'Rosalie Gaitung', 'rgaitung64@gmpg.org');
INSERT INTO Customer VALUES (54521768, 89964315, 'Staford Readmire', 'sreadmire65@auda.org.au');
INSERT INTO Customer VALUES (86025398, 10214173, 'Elmo Tolworthie', 'etolworthie66@ucla.edu');
INSERT INTO Customer VALUES (73952296, 26933758, 'Berne Musgrove', 'bmusgrove67@cbc.ca');
INSERT INTO Customer VALUES (77192274, 97610389, 'Dolf Frankum', 'dfrankum68@mozilla.com');
INSERT INTO Customer VALUES (84579014, 61188408, 'Seth Bridal', 'sbridal69@purevolume.com');
INSERT INTO Customer VALUES (36540542, 10478561, 'Schuyler Gunthorpe', 'sgunthorpe6a@shutterfly.com');
INSERT INTO Customer VALUES (73626366, 60702819, 'Von Dominichelli', 'vdominichelli6b@dot.gov');
INSERT INTO Customer VALUES (23222600, 97610389, 'Charlena Gowthorpe', 'cgowthorpe6c@ebay.co.uk');
INSERT INTO Customer VALUES (58460946, 80085129, 'Chet Collomosse', 'ccollomosse6d@house.gov');
INSERT INTO Customer VALUES (47865353, 60702819, 'Lisha Guisot', 'lguisot6e@nydailynews.com');
INSERT INTO Customer VALUES (35469722, 95219711, 'Anett Doorly', 'adoorly6f@wikimedia.org');
INSERT INTO Customer VALUES (85725318, 47672407, 'Genevieve Eard', 'geard6g@shinystat.com');
INSERT INTO Customer VALUES (20530587, 97610389, 'Meredith Back', 'mback6h@marketwatch.com');
INSERT INTO Customer VALUES (78310734, 26933758, 'Nadeen Platt', 'nplatt6i@bloomberg.com');
INSERT INTO Customer VALUES (35321253, 52519087, 'Kacie Rogeron', 'krogeron6j@dyndns.org');
INSERT INTO Customer VALUES (18938150, 86383092, 'Roz Danford', 'rdanford6k@t-online.de');
INSERT INTO Customer VALUES (82668975, 39090920, 'Mariya Whitmarsh', 'mwhitmarsh6l@smh.com.au');
INSERT INTO Customer VALUES (79400709, 99759883, 'Piper Rosebotham', 'prosebotham6m@irs.gov');
INSERT INTO Customer VALUES (30322656, 10802975, 'Murdoch Whithorn', 'mwhithorn6n@imageshack.us');
INSERT INTO Customer VALUES (29127875, 17544563, 'Arlie Feather', 'afeather6o@tuttocitta.it');
INSERT INTO Customer VALUES (29998416, 18517828, 'Merl De Simone', 'mde6p@de.vu');
INSERT INTO Customer VALUES (51715269, 60398734, 'Bonnie Lehemann', 'blehemann6q@techcrunch.com');
INSERT INTO Customer VALUES (98260167, 61188408, 'Poppy Shellsheere', 'pshellsheere6r@microsoft.com');
INSERT INTO Customer VALUES (75880723, 63134464, 'Katharyn Osler', 'kosler6s@google.es');
INSERT INTO Customer VALUES (48750974, 10802975, 'Tobie Shekle', 'tshekle6t@addthis.com');
INSERT INTO Customer VALUES (18752085, 49289688, 'Alan Donne', 'adonne6u@patch.com');
INSERT INTO Customer VALUES (91472391, 60702819, 'Lelia Buxcey', 'lbuxcey6v@delicious.com');
INSERT INTO Customer VALUES (18912396, 80085129, 'Yovonnda Bartaletti', 'ybartaletti6w@amazon.com');
INSERT INTO Customer VALUES (89506846, 14423821, 'Chelsey Steanyng', 'csteanyng6x@salon.com');
INSERT INTO Customer VALUES (16629523, 81852802, 'Madison Hubbold', 'mhubbold6y@apache.org');
INSERT INTO Customer VALUES (93079786, 10802975, 'Rhodie Ridger', 'rridger6z@google.ca');
INSERT INTO Customer VALUES (33195542, 51922324, 'Caro De Vuyst', 'cde70@samsung.com');
INSERT INTO Customer VALUES (17069104, 61927797, 'Atlanta Gadney', 'agadney71@statcounter.com');
INSERT INTO Customer VALUES (19728628, 86001789, 'Demetra Eefting', 'deefting72@tuttocitta.it');
INSERT INTO Customer VALUES (62449379, 60398734, 'Sherry Gorhardt', 'sgorhardt73@webmd.com');
INSERT INTO Customer VALUES (43208728, 80085129, 'Erhart Shapter', 'eshapter74@blogs.com');
INSERT INTO Customer VALUES (83585001, 52519087, 'Eric Messiter', 'emessiter75@vkontakte.ru');
INSERT INTO Customer VALUES (48018358, 10214173, 'Lucais Martensen', 'lmartensen76@nymag.com');
INSERT INTO Customer VALUES (76844812, 80056194, 'Bradly Cometson', 'bcometson77@intel.com');
INSERT INTO Customer VALUES (39784757, 99189515, 'Etheline Robertshaw', 'erobertshaw78@sphinn.com');
INSERT INTO Customer VALUES (21882726, 49289688, 'Tadeas Klimpt', 'tklimpt79@biglobe.ne.jp');
INSERT INTO Customer VALUES (60299140, 95219711, 'Shannon Dumbrill', 'sdumbrill7a@ycombinator.com');
INSERT INTO Customer VALUES (51772211, 81852802, 'Lorelei Yushkin', 'lyushkin7b@cbslocal.com');
INSERT INTO Customer VALUES (61144466, 34318586, 'Gayler Mahaffey', 'gmahaffey7c@columbia.edu');
INSERT INTO Customer VALUES (14972716, 10711209, 'Lari Sambiedge', 'lsambiedge7d@guardian.co.uk');
INSERT INTO Customer VALUES (84843619, 95219711, 'Conny Murty', 'cmurty7e@taobao.com');
INSERT INTO Customer VALUES (53138118, 80056194, 'Letitia Mattheeuw', 'lmattheeuw7f@yellowpages.com');
INSERT INTO Customer VALUES (62785978, 17544563, 'Lynea Jurn', 'ljurn7g@upenn.edu');
INSERT INTO Customer VALUES (21297184, 80112213, 'Marlow Malecky', 'mmalecky7h@nasa.gov');
INSERT INTO Customer VALUES (96734337, 80107466, 'Isadore Ousbie', 'iousbie7i@java.com');
INSERT INTO Customer VALUES (21106104, 99189515, 'Bobinette Camelia', 'bcamelia7j@fastcompany.com');
INSERT INTO Customer VALUES (12337015, 36748517, 'Kass Morch', 'kmorch7k@e-recht24.de');
INSERT INTO Customer VALUES (30028234, 10802975, 'Nikoletta Woodberry', 'nwoodberry7l@wordpress.org');
INSERT INTO Customer VALUES (86517691, 73941743, 'Gwendolin Jacombs', 'gjacombs7m@slashdot.org');
INSERT INTO Customer VALUES (34215665, 42622303, 'Lacey Sterling', 'lsterling7n@google.com.hk');
INSERT INTO Customer VALUES (98612602, 16218173, 'Olwen Mickan', 'omickan7o@fc2.com');
INSERT INTO Customer VALUES (62539830, 86001789, 'Othella Senn', 'osenn7p@pinterest.com');
INSERT INTO Customer VALUES (47478385, 62671753, 'Carmon Gadsden', 'cgadsden7q@myspace.com');
INSERT INTO Customer VALUES (22054652, 16218173, 'Corny Faust', 'cfaust7r@goodreads.com');
INSERT INTO Customer VALUES (34005247, 10214173, 'Faustine Girauld', 'fgirauld7s@scribd.com');
INSERT INTO Customer VALUES (43729593, 34318586, 'Keenan Alexandrou', 'kalexandrou7t@nytimes.com');
INSERT INTO Customer VALUES (53383209, 42622303, 'Paula Tinton', 'ptinton7u@wired.com');
INSERT INTO Customer VALUES (35601300, 15249852, 'Clotilda Pargetter', 'cpargetter7v@shop-pro.jp');
INSERT INTO Customer VALUES (42580251, 99759883, 'Kora Balk', 'kbalk7w@admin.ch');
INSERT INTO Customer VALUES (93338774, 16218173, 'Ed Prestland', 'eprestland7x@narod.ru');
INSERT INTO Customer VALUES (59235122, 89964315, 'Francyne Poytres', 'fpoytres7y@diigo.com');
INSERT INTO Customer VALUES (93199820, 61188408, 'Anett Kulvear', 'akulvear7z@technorati.com');
INSERT INTO Customer VALUES (36179280, 86383092, 'Daryn Maggill''Andreis', 'dmaggillandreis80@networkadvertising.org');
INSERT INTO Customer VALUES (72230312, 88879750, 'Jobey Lohden', 'jlohden81@delicious.com');
INSERT INTO Customer VALUES (73846441, 99189515, 'Jaclin Mugleston', 'jmugleston82@ibm.com');
INSERT INTO Customer VALUES (19565196, 17544563, 'Cortie Warren', 'cwarren83@netvibes.com');
INSERT INTO Customer VALUES (70678234, 42622303, 'Trumann Yetts', 'tyetts84@yellowpages.com');
INSERT INTO Customer VALUES (80878495, 10214173, 'Althea New', 'anew85@google.co.uk');
INSERT INTO Customer VALUES (13026347, 60352376, 'Muffin Valentim', 'mvalentim86@mail.ru');
INSERT INTO Customer VALUES (92165031, 80107466, 'Bess Pepperrall', 'bpepperrall87@miitbeian.gov.cn');
INSERT INTO Customer VALUES (23311915, 61927797, 'Vivianne Schout', 'vschout88@blogspot.com');
INSERT INTO Customer VALUES (65705915, 52519087, 'Ondrea Osbourne', 'oosbourne89@google.ca');
INSERT INTO Customer VALUES (77798135, 17544563, 'Lorne Culham', 'lculham8a@ucoz.ru');
INSERT INTO Customer VALUES (88648680, 14423821, 'Ham Pietruschka', 'hpietruschka8b@twitter.com');

-- Contract

INSERT INTO Contract VALUES (76000684, 76939990, '2008-04-25', 1110, 61134816);
INSERT INTO Contract VALUES (18035814, 68342180, '2004-05-17', 5875, 59747994);
INSERT INTO Contract VALUES (93148238, 98406658, '2013-03-05', 8200, 63976732);
INSERT INTO Contract VALUES (29273733, 74003440, '2012-02-14', 3500, 18431194);
INSERT INTO Contract VALUES (50280316, 61111162, '2015-02-23', 423000, 91454415);
INSERT INTO Contract VALUES (26368379, 84579014, '2002-12-17', 570, 19307027);
INSERT INTO Contract VALUES (50615464, 24108658, '2016-07-10', 500, 91275813);
INSERT INTO Contract VALUES (25152559, 93565697, '2005-09-12', 285, 82003544);
INSERT INTO Contract VALUES (88020079, 33195542, '2012-02-29', 117000, 50439021);
INSERT INTO Contract VALUES (66729537, 71548761, '2005-04-15', 5600, 19427374);
INSERT INTO Contract VALUES (12773861, 46971756, '2016-02-12', 4700, 61026371);
INSERT INTO Contract VALUES (52647062, 73952296, '2019-08-09', 9200, 42104728);
INSERT INTO Contract VALUES (19730011, 85725318, '2008-07-17', 510, 29923601);
INSERT INTO Contract VALUES (12927280, 26049813, '2003-01-25', 39000, 73600149);
INSERT INTO Contract VALUES (43040698, 12812587, '2019-01-08', 2400, 39661574);
INSERT INTO Contract VALUES (88270549, 18932697, '2006-09-25', 4230, 71356753);
INSERT INTO Contract VALUES (10952550, 85725318, '2017-10-07', 11800, 65937822);
INSERT INTO Contract VALUES (91082132, 47647791, '2014-03-22', 2625, 73079777);
INSERT INTO Contract VALUES (64198668, 39784757, '2009-10-26', 3735, 29527629);
INSERT INTO Contract VALUES (39712796, 44337083, '2014-09-24', 720, 74908729);
INSERT INTO Contract VALUES (38058744, 82574953, '2012-01-13', 204000, 99225453);
INSERT INTO Contract VALUES (80410301, 12812587, '2013-12-28', 4200, 77100188);
INSERT INTO Contract VALUES (60735564, 21255693, '2012-12-01', 29000, 14837224);
INSERT INTO Contract VALUES (47909690, 82427309, '2015-11-13', 4050, 94600990);
INSERT INTO Contract VALUES (30607540, 45336944, '2010-11-12', 35400, 34645659);
INSERT INTO Contract VALUES (56089892, 22054652, '2011-07-18', 59400, 30746408);
INSERT INTO Contract VALUES (47903578, 66431287, '2006-10-11', 11500, 45104056);
INSERT INTO Contract VALUES (10339723, 56321978, '2014-10-29', 234000, 72186471);
INSERT INTO Contract VALUES (26292175, 65705915, '2013-08-11', 432000, 39168748);
INSERT INTO Contract VALUES (66804508, 29998416, '2006-08-13', 49200, 35958528);
INSERT INTO Contract VALUES (55803194, 93829123, '2008-11-03', 4750, 67761272);
INSERT INTO Contract VALUES (91820950, 57166748, '2015-07-06', 61600, 52922727);
INSERT INTO Contract VALUES (59470091, 69738123, '2014-10-15', 900, 44855991);
INSERT INTO Contract VALUES (85376663, 75126727, '2002-12-21', 382500, 61257359);
INSERT INTO Contract VALUES (12992504, 50774412, '2011-03-04', 16200, 16019722);
INSERT INTO Contract VALUES (65687165, 72978056, '2010-04-11', 34300, 69767919);
INSERT INTO Contract VALUES (91833896, 15169557, '2018-01-08', 53400, 47125808);
INSERT INTO Contract VALUES (26890986, 25289845, '2019-07-12', 1890, 11138534);
INSERT INTO Contract VALUES (16762758, 67634554, '2015-05-06', 1110, 90172250);
INSERT INTO Contract VALUES (65883574, 47478385, '2011-10-14', 1290, 11447567);
INSERT INTO Contract VALUES (39209842, 69033129, '2003-07-29', 345, 43460529);
INSERT INTO Contract VALUES (51722316, 67634554, '2018-04-18', 3600, 33634599);
INSERT INTO Contract VALUES (21249641, 84633251, '2001-05-27', 17800, 44021163);
INSERT INTO Contract VALUES (23922552, 21882726, '2016-10-26', 29000, 16989656);
INSERT INTO Contract VALUES (22001576, 29127875, '2001-11-13', 200, 97110144);
INSERT INTO Contract VALUES (30998231, 77192274, '2018-01-14', 16800, 13459019);
INSERT INTO Contract VALUES (99853150, 20929785, '2013-09-12', 4150, 81297168);
INSERT INTO Contract VALUES (18422946, 16685676, '2019-09-02', 6200, 48947627);
INSERT INTO Contract VALUES (28231372, 45860496, '2004-04-01', 3625, 11287222);
INSERT INTO Contract VALUES (68402886, 75869451, '2004-11-11', 6800, 67420223);
INSERT INTO Contract VALUES (49005175, 40675506, '2012-01-25', 150, 98846266);
INSERT INTO Contract VALUES (31796454, 89929290, '2014-01-24', 43200, 15102458);
INSERT INTO Contract VALUES (49673630, 67815535, '2006-08-20', 16400, 32422739);
INSERT INTO Contract VALUES (49780061, 18932697, '2020-04-23', 2475, 40277421);
INSERT INTO Contract VALUES (95822946, 57134418, '2017-02-07', 1200, 41238007);
INSERT INTO Contract VALUES (63397829, 54431480, '2007-04-04', 600, 90573560);
INSERT INTO Contract VALUES (16971311, 32018776, '2009-06-26', 4600, 15441471);
INSERT INTO Contract VALUES (76087016, 15416887, '2005-04-28', 9000, 98611848);
INSERT INTO Contract VALUES (62435362, 69597730, '2007-11-14', 117000, 76823653);
INSERT INTO Contract VALUES (62805350, 27848930, '2010-12-13', 265500, 55434040);
INSERT INTO Contract VALUES (93071295, 77630978, '2011-12-26', 5125, 24939645);
INSERT INTO Contract VALUES (75418359, 45860496, '2003-07-27', 5000, 94009109);
INSERT INTO Contract VALUES (41852850, 19728628, '2010-08-29', 3650, 10611835);
INSERT INTO Contract VALUES (44279446, 39125291, '2012-12-07', 1700, 84755960);
INSERT INTO Contract VALUES (20758579, 59235122, '2005-08-24', 2340, 22801842);
INSERT INTO Contract VALUES (20697887, 93090684, '2001-07-22', 2655, 44119672);
INSERT INTO Contract VALUES (66865013, 54431480, '2008-10-21', 4185, 23883733);
INSERT INTO Contract VALUES (48033168, 28943711, '2005-01-08', 16200, 41515410);
INSERT INTO Contract VALUES (62863817, 53418906, '2008-06-01', 9700, 64522939);
INSERT INTO Contract VALUES (30974448, 52188960, '2008-03-27', 2160, 76483038);
INSERT INTO Contract VALUES (10826960, 92816452, '2016-10-07', 1755, 52063259);
INSERT INTO Contract VALUES (30672145, 40619730, '2007-05-28', 15200, 57825168);
INSERT INTO Contract VALUES (42129230, 77558076, '2017-11-08', 1200, 99792779);
INSERT INTO Contract VALUES (50321818, 60299140, '2002-09-12', 2100, 21790026);
INSERT INTO Contract VALUES (83393535, 54431480, '2016-01-16', 6375, 50135629);
INSERT INTO Contract VALUES (74086039, 82668975, '2007-10-15', 990, 47777384);
INSERT INTO Contract VALUES (63451892, 57166748, '2003-10-23', 810, 66565254);
INSERT INTO Contract VALUES (24242598, 83276884, '2015-12-11', 25200, 54243885);
INSERT INTO Contract VALUES (15725226, 18932697, '2007-05-14', 17400, 48889216);
INSERT INTO Contract VALUES (52794794, 93349094, '2020-01-25', 38500, 64065486);
INSERT INTO Contract VALUES (63203036, 82525466, '2016-10-24', 780, 21143337);
INSERT INTO Contract VALUES (83070201, 93829123, '2002-07-25', 9250, 95614721);
INSERT INTO Contract VALUES (97724180, 93414326, '2003-09-06', 7000, 63808551);
INSERT INTO Contract VALUES (39252883, 61663277, '2015-09-01', 700, 51757129);
INSERT INTO Contract VALUES (75217648, 67849263, '2012-09-15', 9800, 31157992);
INSERT INTO Contract VALUES (99960219, 35603562, '2014-09-27', 2970, 93875771);
INSERT INTO Contract VALUES (32421319, 91513048, '2020-07-05', 11500, 35183999);
INSERT INTO Contract VALUES (93876030, 82427309, '2016-04-07', 14200, 28641279);
INSERT INTO Contract VALUES (71102693, 96734337, '2009-06-30', 1350, 83544571);
INSERT INTO Contract VALUES (81812197, 21106104, '2012-06-03', 5875, 46257987);
INSERT INTO Contract VALUES (27357735, 84843619, '2012-07-20', 2760, 21043816);
INSERT INTO Contract VALUES (44876986, 58577861, '2008-01-01', 2300, 45706235);
INSERT INTO Contract VALUES (83855396, 76892846, '2014-03-13', 162000, 42322617);
INSERT INTO Contract VALUES (74978834, 95177682, '2018-01-23', 6250, 87961210);
INSERT INTO Contract VALUES (48141936, 93079786, '2014-04-09', 16800, 17669770);
INSERT INTO Contract VALUES (43063985, 86517691, '2020-08-24', 1850, 66012954);
INSERT INTO Contract VALUES (12949124, 93575713, '2018-07-02', 168000, 46683592);
INSERT INTO Contract VALUES (34805751, 49081673, '2001-04-19', 13000, 95700899);
INSERT INTO Contract VALUES (71423124, 34753897, '2008-02-03', 291000, 46898728);
INSERT INTO Contract VALUES (87403824, 93565697, '2019-03-22', 9000, 67373327);
INSERT INTO Contract VALUES (49440376, 99851008, '2002-04-06', 1150, 88687189);
INSERT INTO Contract VALUES (97086793, 76892846, '2014-03-02', 24000, 58634698);
INSERT INTO Contract VALUES (91780690, 48349110, '2002-06-16', 1005, 67147403);
INSERT INTO Contract VALUES (31270936, 69738123, '2003-05-21', 225000, 93485035);
INSERT INTO Contract VALUES (57586533, 73626366, '2018-10-12', 2730, 22055329);
INSERT INTO Contract VALUES (64532256, 93829123, '2006-05-22', 19600, 60368925);
INSERT INTO Contract VALUES (21981374, 24108658, '2005-03-05', 1425, 69140746);
INSERT INTO Contract VALUES (68310281, 79608280, '2003-01-22', 1250, 79424721);
INSERT INTO Contract VALUES (45722598, 67369344, '2020-04-14', 93000, 45628791);
INSERT INTO Contract VALUES (47395460, 91513218, '2019-06-10', 328500, 17152819);
INSERT INTO Contract VALUES (13735539, 54521768, '2020-01-27', 54000, 35279344);
INSERT INTO Contract VALUES (25764398, 82909898, '2008-07-27', 1650, 75165048);
INSERT INTO Contract VALUES (88559347, 86025398, '2015-03-07', 4600, 57797028);
INSERT INTO Contract VALUES (86624843, 93202710, '2015-09-08', 10000, 27551261);
INSERT INTO Contract VALUES (11469451, 82525466, '2013-09-26', 720, 59211278);
INSERT INTO Contract VALUES (72956668, 73846441, '2011-07-06', 27000, 14730632);
INSERT INTO Contract VALUES (26930602, 25839585, '2008-02-27', 450000, 33645566);
INSERT INTO Contract VALUES (61670347, 13026347, '2006-06-28', 12125, 80307420);
INSERT INTO Contract VALUES (48942694, 74003440, '2011-03-18', 18600, 20468175);
INSERT INTO Contract VALUES (59022175, 99102553, '2012-07-23', 9400, 51361157);
INSERT INTO Contract VALUES (60081026, 50774412, '2016-06-21', 10600, 91796746);
INSERT INTO Contract VALUES (20558269, 45860496, '2017-06-25', 40600, 19165011);
INSERT INTO Contract VALUES (20757226, 67369344, '2004-11-04', 300000, 58432180);
INSERT INTO Contract VALUES (74936978, 93565697, '2004-04-16', 2600, 18192509);
INSERT INTO Contract VALUES (33222569, 93338774, '2016-11-14', 3050, 15528768);
INSERT INTO Contract VALUES (44214611, 93591115, '2020-06-25', 300, 51904042);
INSERT INTO Contract VALUES (19594159, 25518472, '2020-09-28', 4800, 27977269);
INSERT INTO Contract VALUES (94114360, 53418906, '2015-09-30', 3100, 72105941);
INSERT INTO Contract VALUES (40133023, 46971756, '2017-10-14', 2800, 46350210);
INSERT INTO Contract VALUES (82404340, 79940380, '2018-10-09', 213000, 12138057);
INSERT INTO Contract VALUES (28520784, 13026347, '2010-05-14', 1900, 13084317);
INSERT INTO Contract VALUES (74080779, 27614899, '2009-06-24', 49500, 35891657);
INSERT INTO Contract VALUES (40110837, 76892846, '2014-07-16', 3650, 68433838);
INSERT INTO Contract VALUES (49434567, 93575713, '2016-07-04', 1200, 39987645);
INSERT INTO Contract VALUES (11558776, 69537432, '2006-02-27', 41400, 41606396);
INSERT INTO Contract VALUES (15214717, 48349110, '2001-08-09', 11500, 86237448);
INSERT INTO Contract VALUES (34096470, 93202710, '2002-07-02', 1470, 36990758);
INSERT INTO Contract VALUES (94246781, 14549105, '2017-08-04', 2800, 44220041);
INSERT INTO Contract VALUES (30477875, 32882786, '2019-01-13', 7400, 32795084);
INSERT INTO Contract VALUES (88195025, 34175606, '2016-09-14', 5800, 40690814);
INSERT INTO Contract VALUES (87905929, 72957737, '2012-07-06', 33000, 18398617);
INSERT INTO Contract VALUES (64728196, 14549105, '2002-02-15', 600, 28420464);
INSERT INTO Contract VALUES (95692014, 76264762, '2019-11-10', 240, 28115420);
INSERT INTO Contract VALUES (63395798, 89506846, '2008-03-10', 1375, 93881011);
INSERT INTO Contract VALUES (72034889, 51443892, '2007-01-03', 4050, 44262320);
INSERT INTO Contract VALUES (63741799, 21297184, '2020-02-16', 68600, 57349572);
INSERT INTO Contract VALUES (95493059, 56321978, '2007-01-03', 46900, 52779380);
INSERT INTO Contract VALUES (47781063, 89929290, '2007-10-09', 246000, 78395097);
INSERT INTO Contract VALUES (63475538, 62449379, '2009-02-12', 12400, 56913799);
INSERT INTO Contract VALUES (32984838, 67634554, '2007-04-29', 18400, 50071493);
INSERT INTO Contract VALUES (22388426, 99906911, '2012-07-09', 19600, 24052728);
INSERT INTO Contract VALUES (50445245, 61144466, '2018-04-27', 2790, 34405652);
INSERT INTO Contract VALUES (15550436, 30028234, '2013-07-21', 3555, 17637788);
INSERT INTO Contract VALUES (38417597, 12337015, '2016-11-11', 6600, 27713774);
INSERT INTO Contract VALUES (57967055, 15416887, '2011-10-06', 1170, 67892843);
INSERT INTO Contract VALUES (82075947, 93349094, '2019-05-13', 48000, 58130825);
INSERT INTO Contract VALUES (19720660, 58460946, '2014-05-04', 1000, 77026701);
INSERT INTO Contract VALUES (61627786, 88648680, '2007-10-14', 2350, 37872712);
INSERT INTO Contract VALUES (41628037, 60804196, '2011-09-14', 4300, 86978685);
INSERT INTO Contract VALUES (30306456, 69366274, '2009-05-20', 3100, 71615936);
INSERT INTO Contract VALUES (90214566, 43208728, '2019-06-20', 1850, 23687097);
INSERT INTO Contract VALUES (56262199, 93199820, '2017-03-07', 4350, 53707427);
INSERT INTO Contract VALUES (24804215, 32882786, '2012-08-06', 1500, 36168472);
INSERT INTO Contract VALUES (11211760, 45292980, '2014-05-07', 700, 60033240);
INSERT INTO Contract VALUES (42599516, 60938871, '2019-08-04', 4600, 38894383);
INSERT INTO Contract VALUES (38940744, 47851561, '2008-01-10', 2670, 49660605);
INSERT INTO Contract VALUES (15987221, 34128287, '2005-04-06', 2115, 57289214);
INSERT INTO Contract VALUES (23190876, 11673463, '2011-11-10', 675, 16028440);
INSERT INTO Contract VALUES (85460488, 46181647, '2008-07-20', 11400, 27003966);
INSERT INTO Contract VALUES (45171185, 49081673, '2017-11-11', 3750, 19417889);
INSERT INTO Contract VALUES (93056356, 36540542, '2018-02-11', 2010, 49049746);
INSERT INTO Contract VALUES (71274466, 47851561, '2020-01-23', 3240, 79187551);
INSERT INTO Contract VALUES (88589211, 75880723, '2004-06-12', 193500, 36917927);
INSERT INTO Contract VALUES (26691645, 71601511, '2012-10-24', 2600, 32282033);
INSERT INTO Contract VALUES (91027953, 41344226, '2015-11-21', 234000, 97080163);
INSERT INTO Contract VALUES (44133538, 72978056, '2008-08-03', 30000, 47361590);
INSERT INTO Contract VALUES (89988962, 61144466, '2018-05-01', 150, 98692623);
INSERT INTO Contract VALUES (11633414, 23311915, '2007-11-08', 52800, 29609477);
INSERT INTO Contract VALUES (55913410, 37404719, '2006-09-29', 4750, 92510647);
INSERT INTO Contract VALUES (91705051, 41344226, '2016-07-21', 7400, 14417131);
INSERT INTO Contract VALUES (22269088, 51443892, '2001-06-09', 720, 32542936);
INSERT INTO Contract VALUES (19821888, 80526134, '2006-09-03', 15200, 89946804);
INSERT INTO Contract VALUES (15282081, 91513218, '2010-07-16', 2565, 75881227);
INSERT INTO Contract VALUES (47951304, 43208728, '2009-07-03', 600, 71130633);
INSERT INTO Contract VALUES (93537815, 30202916, '2008-03-29', 5375, 63386398);
INSERT INTO Contract VALUES (57535198, 72957737, '2003-10-03', 9600, 27255423);
INSERT INTO Contract VALUES (89839723, 82909898, '2008-04-01', 276000, 74308809);
INSERT INTO Contract VALUES (83674642, 69107334, '2008-05-25', 333000, 33937797);
INSERT INTO Contract VALUES (55506545, 76939990, '2018-10-25', 5600, 14047132);
INSERT INTO Contract VALUES (78733180, 50774412, '2002-01-12', 945, 26512086);
INSERT INTO Contract VALUES (84213247, 13026347, '2013-09-20', 1620, 57261225);
INSERT INTO Contract VALUES (40425506, 54521768, '2013-11-06', 19800, 86695405);
INSERT INTO Contract VALUES (22360967, 98612602, '2017-04-14', 423000, 14138339);
INSERT INTO Contract VALUES (16623418, 94564671, '2020-07-09', 9300, 86932712);
INSERT INTO Contract VALUES (86169463, 97887583, '2006-03-15', 570, 86379699);
INSERT INTO Contract VALUES (19677321, 12682636, '2012-10-13', 21700, 53814370);
INSERT INTO Contract VALUES (73726906, 95177682, '2008-03-19', 1710, 34713614);
INSERT INTO Contract VALUES (67463530, 26049813, '2005-11-27', 20000, 92149311);
INSERT INTO Contract VALUES (84663907, 60028818, '2015-03-24', 4350, 75706535);
INSERT INTO Contract VALUES (84279445, 16473968, '2003-09-12', 3950, 52562732);
INSERT INTO Contract VALUES (36216624, 54521768, '2011-12-18', 150, 69015117);
INSERT INTO Contract VALUES (97463131, 54521768, '2001-02-06', 17400, 16584177);
INSERT INTO Contract VALUES (78043470, 89506846, '2002-04-23', 30800, 35874058);
INSERT INTO Contract VALUES (35104835, 86454563, '2007-07-25', 1530, 43715780);
INSERT INTO Contract VALUES (35483737, 62449379, '2012-06-03', 34800, 16592103);
INSERT INTO Contract VALUES (11036444, 93349094, '2002-12-14', 870, 46044729);
INSERT INTO Contract VALUES (88983535, 24793436, '2006-10-09', 4450, 51190286);
INSERT INTO Contract VALUES (42753086, 93199820, '2007-05-17', 1000, 72297883);
INSERT INTO Contract VALUES (11911319, 18932697, '2017-11-25', 1150, 41832529);
INSERT INTO Contract VALUES (77252810, 86198038, '2011-06-17', 200, 78190809);
INSERT INTO Contract VALUES (84421852, 85549217, '2003-07-14', 2205, 19653123);
INSERT INTO Contract VALUES (70735757, 34175606, '2005-05-28', 18800, 12907073);
INSERT INTO Contract VALUES (53074964, 40675506, '2001-03-23', 200, 51453458);
INSERT INTO Contract VALUES (96225487, 82192765, '2002-01-17', 5625, 72213150);
INSERT INTO Contract VALUES (19842030, 39125291, '2011-12-17', 615, 50720005);
INSERT INTO Contract VALUES (72474227, 23483780, '2020-08-17', 4500, 59376260);
INSERT INTO Contract VALUES (11695329, 30674388, '2014-01-03', 22400, 88333366);
INSERT INTO Contract VALUES (33534852, 97638380, '2006-12-10', 2400, 64525396);
INSERT INTO Contract VALUES (34197309, 69597730, '2017-04-08', 2500, 97500969);
INSERT INTO Contract VALUES (90211729, 53383209, '2013-02-19', 4900, 86273649);
INSERT INTO Contract VALUES (15935113, 58692604, '2011-09-05', 2875, 32765666);
INSERT INTO Contract VALUES (86702382, 55545155, '2019-03-19', 49500, 20942159);
INSERT INTO Contract VALUES (90478932, 89844429, '2020-01-18', 2790, 74187067);
INSERT INTO Contract VALUES (50169693, 30202916, '2013-01-08', 1375, 46320439);
INSERT INTO Contract VALUES (99624250, 57026104, '2012-04-14', 11375, 62844109);
INSERT INTO Contract VALUES (49995123, 64250629, '2011-12-06', 35000, 28583418);
INSERT INTO Contract VALUES (52648474, 96734337, '2020-02-20', 1125, 57717312);
INSERT INTO Contract VALUES (68450391, 86517691, '2002-11-08', 19000, 61590378);
INSERT INTO Contract VALUES (34459510, 84057219, '2005-01-04', 350, 37158830);
INSERT INTO Contract VALUES (13577339, 53383209, '2005-01-28', 16600, 45660915);
INSERT INTO Contract VALUES (63946839, 93081466, '2016-08-09', 234000, 53368262);
INSERT INTO Contract VALUES (91388888, 63972279, '2012-01-23', 32500, 82909477);
INSERT INTO Contract VALUES (41539389, 43729593, '2003-12-21', 17400, 68700011);
INSERT INTO Contract VALUES (53693881, 88648680, '2003-01-06', 33000, 11667739);
INSERT INTO Contract VALUES (53215470, 58692604, '2009-06-20', 4050, 76967251);
INSERT INTO Contract VALUES (27991339, 32704248, '2017-12-24', 700, 49624203);
INSERT INTO Contract VALUES (23270102, 87909073, '2017-08-28', 3450, 23869678);
INSERT INTO Contract VALUES (27447916, 23483780, '2012-04-19', 22500, 56582370);
INSERT INTO Contract VALUES (99253961, 93090684, '2009-05-24', 30000, 80827600);
INSERT INTO Contract VALUES (86141444, 99550730, '2008-03-08', 2950, 60380716);
INSERT INTO Contract VALUES (39338228, 21297184, '2013-01-20', 17400, 51033535);
INSERT INTO Contract VALUES (96285503, 94564671, '2005-07-25', 37200, 12495769);
INSERT INTO Contract VALUES (65682458, 30202916, '2004-05-03', 2500, 94746416);
INSERT INTO Contract VALUES (90485479, 36674772, '2010-12-29', 1950, 61324328);
INSERT INTO Contract VALUES (75183766, 80526134, '2002-04-12', 258000, 58981134);
INSERT INTO Contract VALUES (62454619, 76892846, '2004-05-30', 9250, 17023713);
INSERT INTO Contract VALUES (64305585, 47217574, '2020-03-04', 39200, 82693687);
INSERT INTO Contract VALUES (37754285, 95177682, '2009-02-24', 300000, 97142595);
INSERT INTO Contract VALUES (91951110, 30028234, '2005-08-16', 4650, 46436480);
INSERT INTO Contract VALUES (93147684, 79940380, '2013-02-19', 375, 73341194);
INSERT INTO Contract VALUES (46605077, 56321978, '2018-10-22', 20000, 54045204);
INSERT INTO Contract VALUES (48232530, 92165031, '2013-11-14', 3960, 99153661);
INSERT INTO Contract VALUES (15045840, 98612602, '2006-12-07', 1900, 72772299);
INSERT INTO Contract VALUES (33830694, 97947533, '2010-09-24', 450, 64027577);
INSERT INTO Contract VALUES (58661620, 16685676, '2015-06-19', 20000, 32010265);
INSERT INTO Contract VALUES (87860544, 34215665, '2004-01-14', 5000, 71480536);
INSERT INTO Contract VALUES (13638207, 34753897, '2017-05-10', 4250, 10122466);
INSERT INTO Contract VALUES (63396761, 98260167, '2015-10-05', 324000, 47436106);
INSERT INTO Contract VALUES (75707021, 11673463, '2016-06-12', 660, 30572146);
INSERT INTO Contract VALUES (63864672, 40130619, '2016-12-20', 3450, 60602915);
INSERT INTO Contract VALUES (24456190, 96719590, '2019-02-15', 53900, 37706110);
INSERT INTO Contract VALUES (20870164, 45156729, '2011-04-05', 3000, 31949734);
INSERT INTO Contract VALUES (18011768, 35603562, '2016-10-26', 5000, 35495861);
INSERT INTO Contract VALUES (40911412, 89844429, '2015-08-01', 7700, 83157521);
INSERT INTO Contract VALUES (27025858, 22621577, '2008-12-09', 12800, 55122947);
INSERT INTO Contract VALUES (63608106, 79400709, '2010-07-15', 4150, 54723265);
INSERT INTO Contract VALUES (21784827, 54521768, '2006-08-30', 30800, 70824790);
INSERT INTO Contract VALUES (90533960, 84231015, '2014-10-21', 36600, 56381294);
INSERT INTO Contract VALUES (88476326, 77192274, '2009-05-28', 391500, 40005006);
INSERT INTO Contract VALUES (22044599, 58460946, '2001-10-06', 90000, 70954349);
INSERT INTO Contract VALUES (72494320, 99906911, '2019-06-11', 1230, 96916534);
INSERT INTO Contract VALUES (52409439, 18938150, '2008-02-17', 200, 72919791);
INSERT INTO Contract VALUES (67207602, 17069104, '2009-10-29', 8700, 19410685);
INSERT INTO Contract VALUES (60199226, 92165031, '2011-03-01', 10200, 72792688);
INSERT INTO Contract VALUES (43620139, 96719590, '2007-05-13', 3400, 80030229);
INSERT INTO Contract VALUES (82611192, 26049813, '2007-08-21', 294000, 58338285);
INSERT INTO Contract VALUES (47544214, 93349094, '2020-01-05', 5400, 39280108);
INSERT INTO Contract VALUES (61349702, 59527940, '2009-09-25', 1800, 75375317);
INSERT INTO Contract VALUES (20589603, 99102553, '2009-12-22', 25500, 14766517);
INSERT INTO Contract VALUES (98057360, 82345647, '2001-08-19', 3960, 48020822);
INSERT INTO Contract VALUES (99620256, 31119077, '2018-09-01', 3650, 48612548);
INSERT INTO Contract VALUES (53747900, 77085314, '2009-05-25', 1700, 37176241);
INSERT INTO Contract VALUES (71089603, 81099487, '2006-12-06', 3000, 38460729);
INSERT INTO Contract VALUES (44712305, 13026347, '2002-05-10', 13200, 43667536);
INSERT INTO Contract VALUES (83517923, 48750974, '2019-08-19', 72000, 23475105);
INSERT INTO Contract VALUES (30501711, 32329853, '2011-04-13', 72000, 52629097);
INSERT INTO Contract VALUES (62862426, 36540542, '2005-04-05', 14800, 24865834);
INSERT INTO Contract VALUES (51186243, 86025398, '2020-08-15', 3750, 99735700);
INSERT INTO Contract VALUES (90305723, 91513048, '2015-04-23', 3850, 87460238);
INSERT INTO Contract VALUES (81376102, 51443892, '2012-11-06', 675, 72505731);
INSERT INTO Contract VALUES (61164856, 61144466, '2016-07-18', 3950, 34353610);
INSERT INTO Contract VALUES (22868470, 35469722, '2014-01-25', 7800, 94626878);
INSERT INTO Contract VALUES (52228909, 93829123, '2012-11-22', 4400, 53230941);
INSERT INTO Contract VALUES (48132150, 28943711, '2002-09-11', 15400, 95957475);
INSERT INTO Contract VALUES (99901612, 97947533, '2011-03-18', 14600, 83009938);
INSERT INTO Contract VALUES (53200607, 23483780, '2012-04-27', 39500, 93448560);
INSERT INTO Contract VALUES (52891180, 78310734, '2018-05-31', 90000, 16983409);
INSERT INTO Contract VALUES (37413031, 30674388, '2003-04-14', 24000, 68590623);
INSERT INTO Contract VALUES (59684954, 70678234, '2003-08-08', 3150, 44070614);
INSERT INTO Contract VALUES (78294453, 57266587, '2008-01-22', 31800, 55521264);

-- Line items

INSERT INTO LineItem VALUES (10339723, '1-004', 78);
INSERT INTO LineItem VALUES (10826960, '1-008', 39);
INSERT INTO LineItem VALUES (10952550, '1-014', 59);
INSERT INTO LineItem VALUES (11036444, '1-013', 29);
INSERT INTO LineItem VALUES (11211760, '1-006', 14);
INSERT INTO LineItem VALUES (11469451, '1-013', 24);
INSERT INTO LineItem VALUES (11558776, '1-007', 69);
INSERT INTO LineItem VALUES (11633414, '1-007', 88);
INSERT INTO LineItem VALUES (11695329, '1-005', 32);
INSERT INTO LineItem VALUES (11911319, '1-015', 23);
INSERT INTO LineItem VALUES (12773861, '1-015', 94);
INSERT INTO LineItem VALUES (12927280, '1-012', 78);
INSERT INTO LineItem VALUES (12949124, '1-004', 56);
INSERT INTO LineItem VALUES (12992504, '1-011', 81);
INSERT INTO LineItem VALUES (13577339, '1-014', 83);
INSERT INTO LineItem VALUES (13638207, '1-006', 85);
INSERT INTO LineItem VALUES (13735539, '1-007', 90);
INSERT INTO LineItem VALUES (15045840, '1-015', 38);
INSERT INTO LineItem VALUES (15214717, '1-002', 92);
INSERT INTO LineItem VALUES (15282081, '1-008', 57);
INSERT INTO LineItem VALUES (15550436, '1-008', 79);
INSERT INTO LineItem VALUES (15725226, '1-014', 87);
INSERT INTO LineItem VALUES (15935113, '1-002', 23);
INSERT INTO LineItem VALUES (15987221, '1-008', 47);
INSERT INTO LineItem VALUES (16623418, '1-001', 93);
INSERT INTO LineItem VALUES (16762758, '1-013', 37);
INSERT INTO LineItem VALUES (16971311, '1-006', 92);
INSERT INTO LineItem VALUES (18011768, '1-001', 50);
INSERT INTO LineItem VALUES (18035814, '1-002', 47);
INSERT INTO LineItem VALUES (18422946, '1-003', 31);
INSERT INTO LineItem VALUES (19594159, '1-015', 96);
INSERT INTO LineItem VALUES (19677321, '1-005', 31);
INSERT INTO LineItem VALUES (19720660, '1-001', 10);
INSERT INTO LineItem VALUES (19730011, '1-013', 17);
INSERT INTO LineItem VALUES (19821888, '1-003', 76);
INSERT INTO LineItem VALUES (19842030, '1-009', 41);
INSERT INTO LineItem VALUES (20558269, '1-005', 58);
INSERT INTO LineItem VALUES (20589603, '1-012', 51);
INSERT INTO LineItem VALUES (20697887, '1-008', 59);
INSERT INTO LineItem VALUES (20757226, '1-004', 100);
INSERT INTO LineItem VALUES (20758579, '1-008', 52);
INSERT INTO LineItem VALUES (20870164, '1-002', 24);
INSERT INTO LineItem VALUES (21249641, '1-011', 89);
INSERT INTO LineItem VALUES (21784827, '1-005', 44);
INSERT INTO LineItem VALUES (21981374, '1-009', 95);
INSERT INTO LineItem VALUES (22001576, '1-011', 1);
INSERT INTO LineItem VALUES (22044599, '1-010', 20);
INSERT INTO LineItem VALUES (22269088, '1-008', 16);
INSERT INTO LineItem VALUES (22360967, '1-010', 94);
INSERT INTO LineItem VALUES (22388426, '1-005', 28);
INSERT INTO LineItem VALUES (22868470, '1-007', 13);
INSERT INTO LineItem VALUES (23190876, '1-009', 45);
INSERT INTO LineItem VALUES (23270102, '1-015', 69);
INSERT INTO LineItem VALUES (23922552, '1-012', 58);
INSERT INTO LineItem VALUES (24242598, '1-007', 42);
INSERT INTO LineItem VALUES (24456190, '1-005', 77);
INSERT INTO LineItem VALUES (24804215, '1-013', 50);
INSERT INTO LineItem VALUES (25152559, '1-009', 19);
INSERT INTO LineItem VALUES (25764398, '1-013', 55);
INSERT INTO LineItem VALUES (26292175, '1-010', 96);
INSERT INTO LineItem VALUES (26368379, '1-009', 38);
INSERT INTO LineItem VALUES (26691645, '1-014', 13);
INSERT INTO LineItem VALUES (26890986, '1-013', 63);
INSERT INTO LineItem VALUES (26930602, '1-010', 100);
INSERT INTO LineItem VALUES (27025858, '1-011', 64);
INSERT INTO LineItem VALUES (27357735, '1-013', 92);
INSERT INTO LineItem VALUES (27447916, '1-010', 5);
INSERT INTO LineItem VALUES (27991339, '1-001', 7);
INSERT INTO LineItem VALUES (28231372, '1-002', 29);
INSERT INTO LineItem VALUES (28520784, '1-015', 38);
INSERT INTO LineItem VALUES (29273733, '1-001', 35);
INSERT INTO LineItem VALUES (30306456, '1-001', 31);
INSERT INTO LineItem VALUES (30477875, '1-014', 37);
INSERT INTO LineItem VALUES (30501711, '1-004', 24);
INSERT INTO LineItem VALUES (30607540, '1-007', 59);
INSERT INTO LineItem VALUES (30672145, '1-014', 76);
INSERT INTO LineItem VALUES (30974448, '1-013', 72);
INSERT INTO LineItem VALUES (30998231, '1-007', 28);
INSERT INTO LineItem VALUES (31270936, '1-010', 50);
INSERT INTO LineItem VALUES (31796454, '1-007', 72);
INSERT INTO LineItem VALUES (32421319, '1-002', 92);
INSERT INTO LineItem VALUES (32984838, '1-003', 92);
INSERT INTO LineItem VALUES (33222569, '1-006', 61);
INSERT INTO LineItem VALUES (33534852, '1-013', 80);
INSERT INTO LineItem VALUES (33830694, '1-006', 9);
INSERT INTO LineItem VALUES (34096470, '1-013', 49);
INSERT INTO LineItem VALUES (34197309, '1-001', 25);
INSERT INTO LineItem VALUES (34459510, '1-006', 7);
INSERT INTO LineItem VALUES (34805751, '1-012', 26);
INSERT INTO LineItem VALUES (35104835, '1-008', 34);
INSERT INTO LineItem VALUES (35483737, '1-007', 58);
INSERT INTO LineItem VALUES (36216624, '1-006', 3);
INSERT INTO LineItem VALUES (37413031, '1-004', 8);
INSERT INTO LineItem VALUES (37754285, '1-004', 100);
INSERT INTO LineItem VALUES (38058744, '1-004', 68);
INSERT INTO LineItem VALUES (38417597, '1-001', 66);
INSERT INTO LineItem VALUES (38940744, '1-013', 89);
INSERT INTO LineItem VALUES (39209842, '1-009', 23);
INSERT INTO LineItem VALUES (39252883, '1-006', 14);
INSERT INTO LineItem VALUES (39338228, '1-011', 87);
INSERT INTO LineItem VALUES (39712796, '1-009', 48);
INSERT INTO LineItem VALUES (40110837, '1-015', 73);
INSERT INTO LineItem VALUES (40133023, '1-015', 56);
INSERT INTO LineItem VALUES (40425506, '1-007', 33);
INSERT INTO LineItem VALUES (40911412, '1-005', 11);
INSERT INTO LineItem VALUES (41539389, '1-011', 87);
INSERT INTO LineItem VALUES (41628037, '1-006', 86);
INSERT INTO LineItem VALUES (41852850, '1-006', 73);
INSERT INTO LineItem VALUES (42129230, '1-006', 24);
INSERT INTO LineItem VALUES (42599516, '1-006', 92);
INSERT INTO LineItem VALUES (42753086, '1-003', 5);
INSERT INTO LineItem VALUES (43040698, '1-007', 4);
INSERT INTO LineItem VALUES (43063985, '1-015', 37);
INSERT INTO LineItem VALUES (43620139, '1-011', 17);
INSERT INTO LineItem VALUES (44133538, '1-012', 60);
INSERT INTO LineItem VALUES (44214611, '1-006', 6);
INSERT INTO LineItem VALUES (44279446, '1-001', 17);
INSERT INTO LineItem VALUES (44712305, '1-003', 66);
INSERT INTO LineItem VALUES (44876986, '1-006', 46);
INSERT INTO LineItem VALUES (45171185, '1-006', 75);
INSERT INTO LineItem VALUES (45722598, '1-004', 31);
INSERT INTO LineItem VALUES (46605077, '1-003', 100);
INSERT INTO LineItem VALUES (47395460, '1-010', 73);
INSERT INTO LineItem VALUES (47544214, '1-011', 27);
INSERT INTO LineItem VALUES (47781063, '1-004', 82);
INSERT INTO LineItem VALUES (47903578, '1-012', 23);
INSERT INTO LineItem VALUES (47909690, '1-015', 81);
INSERT INTO LineItem VALUES (47951304, '1-011', 3);
INSERT INTO LineItem VALUES (48033168, '1-014', 81);
INSERT INTO LineItem VALUES (48132150, '1-011', 77);
INSERT INTO LineItem VALUES (48141936, '1-003', 84);
INSERT INTO LineItem VALUES (48232530, '1-008', 88);
INSERT INTO LineItem VALUES (48942694, '1-011', 93);
INSERT INTO LineItem VALUES (49005175, '1-006', 3);
INSERT INTO LineItem VALUES (49434567, '1-013', 40);
INSERT INTO LineItem VALUES (49440376, '1-006', 23);
INSERT INTO LineItem VALUES (49673630, '1-003', 82);
INSERT INTO LineItem VALUES (49780061, '1-008', 55);
INSERT INTO LineItem VALUES (49995123, '1-005', 50);
INSERT INTO LineItem VALUES (50169693, '1-002', 11);
INSERT INTO LineItem VALUES (50280316, '1-010', 94);
INSERT INTO LineItem VALUES (50321818, '1-015', 42);
INSERT INTO LineItem VALUES (50445245, '1-013', 93);
INSERT INTO LineItem VALUES (50615464, '1-015', 10);
INSERT INTO LineItem VALUES (51186243, '1-006', 75);
INSERT INTO LineItem VALUES (51722316, '1-015', 72);
INSERT INTO LineItem VALUES (52228909, '1-006', 88);
INSERT INTO LineItem VALUES (52409439, '1-011', 1);
INSERT INTO LineItem VALUES (52647062, '1-014', 46);
INSERT INTO LineItem VALUES (52648474, '1-009', 75);
INSERT INTO LineItem VALUES (52794794, '1-012', 77);
INSERT INTO LineItem VALUES (52891180, '1-010', 20);
INSERT INTO LineItem VALUES (53074964, '1-011', 1);
INSERT INTO LineItem VALUES (53200607, '1-012', 79);
INSERT INTO LineItem VALUES (53215470, '1-006', 81);
INSERT INTO LineItem VALUES (53693881, '1-007', 55);
INSERT INTO LineItem VALUES (53747900, '1-006', 34);
INSERT INTO LineItem VALUES (55506545, '1-003', 28);
INSERT INTO LineItem VALUES (55803194, '1-006', 95);
INSERT INTO LineItem VALUES (55913410, '1-002', 38);
INSERT INTO LineItem VALUES (56089892, '1-007', 99);
INSERT INTO LineItem VALUES (56262199, '1-015', 87);
INSERT INTO LineItem VALUES (57535198, '1-011', 48);
INSERT INTO LineItem VALUES (57586533, '1-013', 91);
INSERT INTO LineItem VALUES (57967055, '1-013', 39);
INSERT INTO LineItem VALUES (58661620, '1-011', 100);
INSERT INTO LineItem VALUES (59022175, '1-011', 47);
INSERT INTO LineItem VALUES (59470091, '1-006', 18);
INSERT INTO LineItem VALUES (59684954, '1-006', 63);
INSERT INTO LineItem VALUES (60081026, '1-003', 53);
INSERT INTO LineItem VALUES (60199226, '1-011', 51);
INSERT INTO LineItem VALUES (60735564, '1-012', 58);
INSERT INTO LineItem VALUES (61164856, '1-015', 79);
INSERT INTO LineItem VALUES (61349702, '1-011', 9);
INSERT INTO LineItem VALUES (61627786, '1-015', 47);
INSERT INTO LineItem VALUES (61670347, '1-002', 97);
INSERT INTO LineItem VALUES (62435362, '1-004', 39);
INSERT INTO LineItem VALUES (62454619, '1-002', 74);
INSERT INTO LineItem VALUES (62805350, '1-010', 59);
INSERT INTO LineItem VALUES (62862426, '1-014', 74);
INSERT INTO LineItem VALUES (62863817, '1-001', 97);
INSERT INTO LineItem VALUES (63203036, '1-013', 26);
INSERT INTO LineItem VALUES (63395798, '1-002', 11);
INSERT INTO LineItem VALUES (63396761, '1-010', 72);
INSERT INTO LineItem VALUES (63397829, '1-011', 3);
INSERT INTO LineItem VALUES (63451892, '1-013', 27);
INSERT INTO LineItem VALUES (63475538, '1-003', 62);
INSERT INTO LineItem VALUES (63608106, '1-015', 83);
INSERT INTO LineItem VALUES (63741799, '1-005', 98);
INSERT INTO LineItem VALUES (63864672, '1-006', 69);
INSERT INTO LineItem VALUES (63946839, '1-004', 78);
INSERT INTO LineItem VALUES (64198668, '1-008', 83);
INSERT INTO LineItem VALUES (64305585, '1-005', 56);
INSERT INTO LineItem VALUES (64532256, '1-014', 98);
INSERT INTO LineItem VALUES (64728196, '1-006', 12);
INSERT INTO LineItem VALUES (65682458, '1-012', 5);
INSERT INTO LineItem VALUES (65687165, '1-005', 49);
INSERT INTO LineItem VALUES (65883574, '1-013', 43);
INSERT INTO LineItem VALUES (66729537, '1-001', 56);
INSERT INTO LineItem VALUES (66804508, '1-007', 82);
INSERT INTO LineItem VALUES (66865013, '1-008', 93);
INSERT INTO LineItem VALUES (67207602, '1-001', 87);
INSERT INTO LineItem VALUES (67463530, '1-003', 100);
INSERT INTO LineItem VALUES (68310281, '1-006', 25);
INSERT INTO LineItem VALUES (68402886, '1-014', 34);
INSERT INTO LineItem VALUES (68450391, '1-003', 95);
INSERT INTO LineItem VALUES (70735757, '1-014', 94);
INSERT INTO LineItem VALUES (71089603, '1-002', 24);
INSERT INTO LineItem VALUES (71102693, '1-015', 27);
INSERT INTO LineItem VALUES (71274466, '1-008', 72);
INSERT INTO LineItem VALUES (71423124, '1-004', 97);
INSERT INTO LineItem VALUES (72034889, '1-006', 81);
INSERT INTO LineItem VALUES (72474227, '1-012', 9);
INSERT INTO LineItem VALUES (72494320, '1-013', 41);
INSERT INTO LineItem VALUES (72956668, '1-004', 9);
INSERT INTO LineItem VALUES (73726906, '1-008', 38);
INSERT INTO LineItem VALUES (74080779, '1-010', 11);
INSERT INTO LineItem VALUES (74086039, '1-013', 33);
INSERT INTO LineItem VALUES (74936978, '1-014', 13);
INSERT INTO LineItem VALUES (74978834, '1-002', 50);
INSERT INTO LineItem VALUES (75183766, '1-004', 86);
INSERT INTO LineItem VALUES (75217648, '1-011', 49);
INSERT INTO LineItem VALUES (75418359, '1-002', 40);
INSERT INTO LineItem VALUES (75707021, '1-009', 44);
INSERT INTO LineItem VALUES (76000684, '1-013', 37);
INSERT INTO LineItem VALUES (76087016, '1-001', 90);
INSERT INTO LineItem VALUES (77252810, '1-003', 1);
INSERT INTO LineItem VALUES (78043470, '1-005', 44);
INSERT INTO LineItem VALUES (78294453, '1-007', 53);
INSERT INTO LineItem VALUES (78733180, '1-009', 63);
INSERT INTO LineItem VALUES (80410301, '1-015', 84);
INSERT INTO LineItem VALUES (81376102, '1-009', 45);
INSERT INTO LineItem VALUES (81812197, '1-002', 47);
INSERT INTO LineItem VALUES (82075947, '1-004', 16);
INSERT INTO LineItem VALUES (82404340, '1-004', 71);
INSERT INTO LineItem VALUES (82611192, '1-004', 98);
INSERT INTO LineItem VALUES (83070201, '1-002', 74);
INSERT INTO LineItem VALUES (83393535, '1-002', 51);
INSERT INTO LineItem VALUES (83517923, '1-004', 24);
INSERT INTO LineItem VALUES (83674642, '1-010', 74);
INSERT INTO LineItem VALUES (83855396, '1-004', 54);
INSERT INTO LineItem VALUES (84213247, '1-008', 36);
INSERT INTO LineItem VALUES (84279445, '1-015', 79);
INSERT INTO LineItem VALUES (84421852, '1-008', 49);
INSERT INTO LineItem VALUES (84663907, '1-006', 87);
INSERT INTO LineItem VALUES (85376663, '1-010', 85);
INSERT INTO LineItem VALUES (85460488, '1-011', 57);
INSERT INTO LineItem VALUES (86141444, '1-015', 59);
INSERT INTO LineItem VALUES (86169463, '1-013', 19);
INSERT INTO LineItem VALUES (86624843, '1-014', 50);
INSERT INTO LineItem VALUES (86702382, '1-010', 11);
INSERT INTO LineItem VALUES (87403824, '1-004', 3);
INSERT INTO LineItem VALUES (87860544, '1-014', 25);
INSERT INTO LineItem VALUES (87905929, '1-012', 66);
INSERT INTO LineItem VALUES (88020079, '1-010', 26);
INSERT INTO LineItem VALUES (88195025, '1-011', 29);
INSERT INTO LineItem VALUES (88270549, '1-008', 94);
INSERT INTO LineItem VALUES (88476326, '1-010', 87);
INSERT INTO LineItem VALUES (88559347, '1-006', 92);
INSERT INTO LineItem VALUES (88589211, '1-010', 43);
INSERT INTO LineItem VALUES (88983535, '1-015', 89);
INSERT INTO LineItem VALUES (89839723, '1-004', 92);
INSERT INTO LineItem VALUES (89988962, '1-013', 5);
INSERT INTO LineItem VALUES (90211729, '1-015', 98);
INSERT INTO LineItem VALUES (90214566, '1-015', 37);
INSERT INTO LineItem VALUES (90305723, '1-006', 77);
INSERT INTO LineItem VALUES (90478932, '1-008', 62);
INSERT INTO LineItem VALUES (90485479, '1-006', 39);
INSERT INTO LineItem VALUES (90533960, '1-007', 61);
INSERT INTO LineItem VALUES (91027953, '1-010', 52);
INSERT INTO LineItem VALUES (91082132, '1-002', 21);
INSERT INTO LineItem VALUES (91388888, '1-012', 65);
INSERT INTO LineItem VALUES (91705051, '1-011', 37);
INSERT INTO LineItem VALUES (91780690, '1-009', 67);
INSERT INTO LineItem VALUES (91820950, '1-005', 88);
INSERT INTO LineItem VALUES (91833896, '1-007', 89);
INSERT INTO LineItem VALUES (91951110, '1-015', 93);
INSERT INTO LineItem VALUES (93056356, '1-013', 67);
INSERT INTO LineItem VALUES (93071295, '1-002', 41);
INSERT INTO LineItem VALUES (93147684, '1-002', 3);
INSERT INTO LineItem VALUES (93148238, '1-011', 41);
INSERT INTO LineItem VALUES (93537815, '1-002', 43);
INSERT INTO LineItem VALUES (93876030, '1-011', 71);
INSERT INTO LineItem VALUES (94114360, '1-001', 31);
INSERT INTO LineItem VALUES (94246781, '1-005', 4);
INSERT INTO LineItem VALUES (95493059, '1-005', 67);
INSERT INTO LineItem VALUES (95692014, '1-009', 16);
INSERT INTO LineItem VALUES (95822946, '1-015', 24);
INSERT INTO LineItem VALUES (96225487, '1-002', 45);
INSERT INTO LineItem VALUES (96285503, '1-007', 62);
INSERT INTO LineItem VALUES (97086793, '1-004', 8);
INSERT INTO LineItem VALUES (97463131, '1-003', 87);
INSERT INTO LineItem VALUES (97724180, '1-003', 35);
INSERT INTO LineItem VALUES (98057360, '1-008', 88);
INSERT INTO LineItem VALUES (99253961, '1-007', 50);
INSERT INTO LineItem VALUES (99620256, '1-006', 73);
INSERT INTO LineItem VALUES (99624250, '1-002', 91);
INSERT INTO LineItem VALUES (99853150, '1-006', 83);
INSERT INTO LineItem VALUES (99901612, '1-014', 73);
INSERT INTO LineItem VALUES (99960219, '1-013', 99);

-- Purchase

INSERT INTO Purchase VALUES ('P001', 22685412, 70301066, '2004-09-25', '2004-10-09', 'null');
INSERT INTO Purchase VALUES ('P002', 48584020, 35133950, '2013-04-29', '2013-05-13', 'null');
INSERT INTO Purchase VALUES ('P003', 53223811, 60086714, '2011-08-04', '2011-08-18', 'null');
INSERT INTO Purchase VALUES ('P004', 89645116, 73713794, '2013-10-01', '2013-10-15', 'null');
INSERT INTO Purchase VALUES ('P005', 95276660, 70329755, '2004-02-11', '2004-02-25', 'null');
INSERT INTO Purchase VALUES ('P006', 83845040, 49839266, '2006-12-21', '2007-01-04', 'null');
INSERT INTO Purchase VALUES ('P007', 75622454, 46423544, '2001-12-25', '2002-01-08', 'null');
INSERT INTO Purchase VALUES ('P008', 90677070, 57135808, '2007-10-24', '2007-11-07', 'null');
INSERT INTO Purchase VALUES ('P009', 79172137, 46408068, '2017-02-02', '2017-02-16', 'null');
INSERT INTO Purchase VALUES ('P010', 89857035, 48427523, '2001-02-08', '2001-02-22', 'null');
INSERT INTO Purchase VALUES ('P011', 85686758, 78492707, '2003-05-09', '2003-05-23', 'null');
INSERT INTO Purchase VALUES ('P012', 86561947, 27356234, '2018-03-24', '2018-04-07', 'null');
INSERT INTO Purchase VALUES ('P013', 63993637, 37168481, '2013-10-21', '2013-11-04', 'null');
INSERT INTO Purchase VALUES ('P014', 26155604, 20333956, '2016-12-17', '2016-12-31', 'null');
INSERT INTO Purchase VALUES ('P015', 22685412, 77377925, '2020-10-03', '2020-10-17', 'null');
INSERT INTO Purchase VALUES ('P016', 84712589, 89650689, '2003-11-13', '2003-11-27', 'null');
INSERT INTO Purchase VALUES ('P017', 11341893, 31532766, '2015-06-03', '2015-06-17', 'null');
INSERT INTO Purchase VALUES ('P018', 32557898, 87739403, '2019-04-27', '2019-05-11', 'null');
INSERT INTO Purchase VALUES ('P019', 26754799, 98173180, '2007-01-18', '2007-02-01', 'null');
INSERT INTO Purchase VALUES ('P020', 35581014, 40514251, '2009-09-21', '2009-10-05', 'null');
INSERT INTO Purchase VALUES ('P021', 26754799, 65962531, '2015-01-02', '2015-01-16', 'null');
INSERT INTO Purchase VALUES ('P022', 72041044, 22645034, '2006-12-13', '2006-12-27', 'null');
INSERT INTO Purchase VALUES ('P023', 89645116, 44695719, '2013-10-28', '2013-11-11', 'null');
INSERT INTO Purchase VALUES ('P024', 84712589, 31948890, '2006-06-22', '2006-07-06', 'null');
INSERT INTO Purchase VALUES ('P025', 28541066, 63643966, '2013-02-09', '2013-02-23', 'null');
INSERT INTO Purchase VALUES ('P026', 96396423, 82398073, '2002-05-02', '2002-05-16', 'null');
INSERT INTO Purchase VALUES ('P027', 63993637, 78590111, '2004-01-13', '2004-01-27', 'null');
INSERT INTO Purchase VALUES ('P028', 53405108, 15533718, '2016-07-13', '2016-07-27', 'null');
INSERT INTO Purchase VALUES ('P029', 20574281, 37343429, '2013-02-18', '2013-03-04', 'null');
INSERT INTO Purchase VALUES ('P030', 28541066, 33344342, '2009-03-12', '2009-03-26', 'null');
INSERT INTO Purchase VALUES ('P031', 99758093, 94090783, '2009-01-27', '2009-02-10', 'null');
INSERT INTO Purchase VALUES ('P032', 98750321, 21646261, '2020-06-26', '2020-07-10', 'null');
INSERT INTO Purchase VALUES ('P033', 11341893, 15085745, '2020-06-29', '2020-07-13', 'null');
INSERT INTO Purchase VALUES ('P034', 95276660, 73273085, '2006-06-14', '2006-06-28', 'null');
INSERT INTO Purchase VALUES ('P035', 28769726, 27189372, '2014-05-12', '2014-05-26', 'null');
INSERT INTO Purchase VALUES ('P036', 22685412, 27373000, '2015-03-11', '2015-03-25', 'null');
INSERT INTO Purchase VALUES ('P037', 32557898, 98987710, '2012-05-27', '2012-06-10', 'null');
INSERT INTO Purchase VALUES ('P038', 11256886, 76210749, '2011-10-04', '2011-10-18', 'null');
INSERT INTO Purchase VALUES ('P039', 12476256, 39514224, '2014-08-27', '2014-09-10', 'null');
INSERT INTO Purchase VALUES ('P040', 48584020, 28033585, '2018-06-27', '2018-07-11', 'null');
INSERT INTO Purchase VALUES ('P041', 31821593, 15967846, '2019-09-19', '2019-10-03', 'null');
INSERT INTO Purchase VALUES ('P042', 26754799, 96468854, '2011-07-14', '2011-07-28', 'null');
INSERT INTO Purchase VALUES ('P043', 43641803, 34601108, '2004-09-19', '2004-10-03', 'null');
INSERT INTO Purchase VALUES ('P044', 59896563, 23073172, '2010-11-07', '2010-11-21', 'null');
INSERT INTO Purchase VALUES ('P045', 12732128, 24804883, '2004-11-12', '2004-11-26', 'null');
INSERT INTO Purchase VALUES ('P046', 70681070, 42964279, '2020-06-19', '2020-07-03', 'null');
INSERT INTO Purchase VALUES ('P047', 86561947, 94212527, '2004-09-01', '2004-09-15', 'null');
INSERT INTO Purchase VALUES ('P048', 41579036, 59223369, '2005-06-28', '2005-07-12', 'null');
INSERT INTO Purchase VALUES ('P049', 84712589, 70709113, '2002-01-04', '2002-01-18', 'null');
INSERT INTO Purchase VALUES ('P050', 51591040, 84262791, '2017-06-17', '2017-07-01', 'null');
INSERT INTO Purchase VALUES ('P051', 41579036, 37620870, '2012-09-22', '2012-10-06', 'null');
INSERT INTO Purchase VALUES ('P052', 86561947, 40508708, '2012-02-13', '2012-02-27', 'null');
INSERT INTO Purchase VALUES ('P053', 35581014, 68345224, '2006-08-24', '2006-09-07', 'null');
INSERT INTO Purchase VALUES ('P054', 26754799, 39715050, '2017-01-08', '2017-01-22', 'null');
INSERT INTO Purchase VALUES ('P055', 95276660, 92748927, '2007-04-13', '2007-04-27', 'null');
INSERT INTO Purchase VALUES ('P056', 63993637, 44942282, '2017-12-21', '2018-01-04', 'null');
INSERT INTO Purchase VALUES ('P057', 96396423, 53864702, '2018-02-03', '2018-02-17', 'null');
INSERT INTO Purchase VALUES ('P058', 36761006, 54827458, '2015-06-29', '2015-07-13', 'null');
INSERT INTO Purchase VALUES ('P059', 48584020, 85200670, '2010-05-06', '2010-05-20', 'null');
INSERT INTO Purchase VALUES ('P060', 85686758, 99773523, '2011-07-06', '2011-07-20', 'null');
INSERT INTO Purchase VALUES ('P061', 70681070, 78090251, '2009-11-11', '2009-11-25', 'null');
INSERT INTO Purchase VALUES ('P062', 63104673, 32193307, '2002-11-02', '2002-11-16', 'null');
INSERT INTO Purchase VALUES ('P063', 71586278, 51028545, '2007-01-20', '2007-02-03', 'null');
INSERT INTO Purchase VALUES ('P064', 86561947, 84551314, '2003-08-26', '2003-09-09', 'null');
INSERT INTO Purchase VALUES ('P065', 86561947, 70107636, '2001-02-15', '2001-03-01', 'null');
INSERT INTO Purchase VALUES ('P066', 53405108, 83900971, '2002-06-07', '2002-06-21', 'null');
INSERT INTO Purchase VALUES ('P067', 86561947, 44840453, '2005-07-13', '2005-07-27', 'null');
INSERT INTO Purchase VALUES ('P068', 90677070, 89961005, '2002-05-15', '2002-05-29', 'null');
INSERT INTO Purchase VALUES ('P069', 28769726, 71920319, '2012-09-24', '2012-10-08', 'null');
INSERT INTO Purchase VALUES ('P070', 98750321, 46638653, '2003-07-09', '2003-07-23', 'null');
INSERT INTO Purchase VALUES ('P071', 12476256, 10817231, '2015-07-30', '2015-08-13', 'null');
INSERT INTO Purchase VALUES ('P072', 85686758, 87182202, '2004-02-01', '2004-02-15', 'null');
INSERT INTO Purchase VALUES ('P073', 59896563, 93596938, '2003-07-09', '2003-07-23', 'null');
INSERT INTO Purchase VALUES ('P074', 86561947, 89224526, '2012-08-04', '2012-08-18', 'null');
INSERT INTO Purchase VALUES ('P075', 72041044, 98388711, '2015-03-06', '2015-03-20', 'null');
INSERT INTO Purchase VALUES ('P076', 83845040, 37656337, '2010-04-02', '2010-04-16', 'null');
INSERT INTO Purchase VALUES ('P077', 63993637, 15816886, '2010-04-12', '2010-04-26', 'null');
INSERT INTO Purchase VALUES ('P078', 69731546, 39707881, '2014-08-04', '2014-08-18', 'null');
INSERT INTO Purchase VALUES ('P079', 99758093, 93279823, '2014-03-05', '2014-03-19', 'null');
INSERT INTO Purchase VALUES ('P080', 57803481, 10594109, '2018-08-20', '2018-09-03', 'null');
INSERT INTO Purchase VALUES ('P081', 96396423, 78567513, '2010-11-18', '2010-12-02', 'null');
INSERT INTO Purchase VALUES ('P082', 53223811, 19244896, '2013-04-02', '2013-04-16', 'null');
INSERT INTO Purchase VALUES ('P083', 98750321, 31204240, '2010-10-26', '2010-11-09', 'null');
INSERT INTO Purchase VALUES ('P084', 79172137, 40648861, '2013-08-28', '2013-09-11', 'null');
INSERT INTO Purchase VALUES ('P085', 31821593, 10459265, '2016-05-29', '2016-06-12', 'null');
INSERT INTO Purchase VALUES ('P086', 32557898, 27549064, '2012-12-25', '2013-01-08', 'null');
INSERT INTO Purchase VALUES ('P087', 48584020, 32175343, '2010-10-23', '2010-11-06', 'null');
INSERT INTO Purchase VALUES ('P088', 63104673, 84350533, '2003-09-25', '2003-10-09', 'null');
INSERT INTO Purchase VALUES ('P089', 63993637, 32040347, '2008-03-28', '2008-04-11', 'null');
INSERT INTO Purchase VALUES ('P090', 96396423, 95241485, '2018-12-25', '2019-01-08', 'null');
INSERT INTO Purchase VALUES ('P091', 89857035, 90327550, '2006-08-22', '2006-09-05', 'null');
INSERT INTO Purchase VALUES ('P092', 26754799, 70115490, '2009-02-24', '2009-03-10', 'null');
INSERT INTO Purchase VALUES ('P093', 86561947, 99737717, '2005-06-13', '2005-06-27', 'null');
INSERT INTO Purchase VALUES ('P094', 63104673, 29953674, '2002-06-13', '2002-06-27', 'null');
INSERT INTO Purchase VALUES ('P095', 27659178, 61364507, '2010-03-01', '2010-03-15', 'null');
INSERT INTO Purchase VALUES ('P096', 89857035, 67677283, '2007-12-30', '2008-01-13', 'null');
INSERT INTO Purchase VALUES ('P097', 11341893, 27263234, '2020-02-03', '2020-02-17', 'null');
INSERT INTO Purchase VALUES ('P098', 95276660, 42957289, '2018-08-16', '2018-08-30', 'null');
INSERT INTO Purchase VALUES ('P099', 12732128, 13753213, '2003-11-29', '2003-12-13', 'null');
INSERT INTO Purchase VALUES ('P100', 69731546, 24174306, '2004-02-14', '2004-02-28', 'null');

-- PurchaseLine

INSERT INTO PurchaseLine VALUES ('P001', 'STN', 16);
INSERT INTO PurchaseLine VALUES ('P002', 'PLP', 15);
INSERT INTO PurchaseLine VALUES ('P003', 'STL', 43);
INSERT INTO PurchaseLine VALUES ('P004', 'STN', 35);
INSERT INTO PurchaseLine VALUES ('P005', 'ALM', 33);
INSERT INTO PurchaseLine VALUES ('P006', 'STL', 17);
INSERT INTO PurchaseLine VALUES ('P007', 'PLP', 38);
INSERT INTO PurchaseLine VALUES ('P008', 'LEA', 40);
INSERT INTO PurchaseLine VALUES ('P009', 'RUB', 13);
INSERT INTO PurchaseLine VALUES ('P010', 'CTN', 50);
INSERT INTO PurchaseLine VALUES ('P011', 'QTZ', 47);
INSERT INTO PurchaseLine VALUES ('P012', 'PLP', 28);
INSERT INTO PurchaseLine VALUES ('P013', 'STN', 26);
INSERT INTO PurchaseLine VALUES ('P014', 'STL', 50);
INSERT INTO PurchaseLine VALUES ('P015', 'RUB', 33);
INSERT INTO PurchaseLine VALUES ('P016', 'LEA', 32);
INSERT INTO PurchaseLine VALUES ('P017', 'QTZ', 17);
INSERT INTO PurchaseLine VALUES ('P018', 'PLP', 15);
INSERT INTO PurchaseLine VALUES ('P019', 'PLP', 9);
INSERT INTO PurchaseLine VALUES ('P020', 'XEN', 13);
INSERT INTO PurchaseLine VALUES ('P021', 'PLY', 26);
INSERT INTO PurchaseLine VALUES ('P022', 'ALM', 26);
INSERT INTO PurchaseLine VALUES ('P023', 'QTZ', 35);
INSERT INTO PurchaseLine VALUES ('P024', 'PLC', 28);
INSERT INTO PurchaseLine VALUES ('P025', 'STL', 5);
INSERT INTO PurchaseLine VALUES ('P026', 'CTN', 44);
INSERT INTO PurchaseLine VALUES ('P027', 'PLP', 24);
INSERT INTO PurchaseLine VALUES ('P028', 'QTZ', 16);
INSERT INTO PurchaseLine VALUES ('P029', 'STL', 25);
INSERT INTO PurchaseLine VALUES ('P030', 'PLP', 10);
INSERT INTO PurchaseLine VALUES ('P031', 'RUB', 35);
INSERT INTO PurchaseLine VALUES ('P032', 'ALM', 42);
INSERT INTO PurchaseLine VALUES ('P033', 'PLC', 8);
INSERT INTO PurchaseLine VALUES ('P034', 'LEA', 44);
INSERT INTO PurchaseLine VALUES ('P035', 'STL', 7);
INSERT INTO PurchaseLine VALUES ('P036', 'CTN', 26);
INSERT INTO PurchaseLine VALUES ('P037', 'CTN', 29);
INSERT INTO PurchaseLine VALUES ('P038', 'CTN', 15);
INSERT INTO PurchaseLine VALUES ('P039', 'PLP', 14);
INSERT INTO PurchaseLine VALUES ('P040', 'CTN', 7);
INSERT INTO PurchaseLine VALUES ('P041', 'CTN', 28);
INSERT INTO PurchaseLine VALUES ('P042', 'CTN', 24);
INSERT INTO PurchaseLine VALUES ('P043', 'ALM', 47);
INSERT INTO PurchaseLine VALUES ('P044', 'CTN', 8);
INSERT INTO PurchaseLine VALUES ('P045', 'PLC', 5);
INSERT INTO PurchaseLine VALUES ('P046', 'PLP', 40);
INSERT INTO PurchaseLine VALUES ('P047', 'PLY', 15);
INSERT INTO PurchaseLine VALUES ('P048', 'PLC', 40);
INSERT INTO PurchaseLine VALUES ('P049', 'CTN', 38);
INSERT INTO PurchaseLine VALUES ('P050', 'CTN', 16);
INSERT INTO PurchaseLine VALUES ('P051', 'STL', 26);
INSERT INTO PurchaseLine VALUES ('P052', 'PLY', 44);
INSERT INTO PurchaseLine VALUES ('P053', 'STL', 49);
INSERT INTO PurchaseLine VALUES ('P054', 'CTN', 30);
INSERT INTO PurchaseLine VALUES ('P055', 'PLP', 37);
INSERT INTO PurchaseLine VALUES ('P056', 'PLY', 36);
INSERT INTO PurchaseLine VALUES ('P057', 'PLP', 16);
INSERT INTO PurchaseLine VALUES ('P058', 'RUB', 12);
INSERT INTO PurchaseLine VALUES ('P059', 'PLP', 11);
INSERT INTO PurchaseLine VALUES ('P060', 'LEA', 6);
INSERT INTO PurchaseLine VALUES ('P061', 'XEN', 10);
INSERT INTO PurchaseLine VALUES ('P062', 'CTN', 19);
INSERT INTO PurchaseLine VALUES ('P063', 'PLY', 45);
INSERT INTO PurchaseLine VALUES ('P064', 'STN', 34);
INSERT INTO PurchaseLine VALUES ('P065', 'XEN', 47);
INSERT INTO PurchaseLine VALUES ('P066', 'PLY', 18);
INSERT INTO PurchaseLine VALUES ('P067', 'STN', 12);
INSERT INTO PurchaseLine VALUES ('P068', 'RUB', 35);
INSERT INTO PurchaseLine VALUES ('P069', 'PLY', 18);
INSERT INTO PurchaseLine VALUES ('P070', 'STN', 5);
INSERT INTO PurchaseLine VALUES ('P071', 'ALM', 6);
INSERT INTO PurchaseLine VALUES ('P072', 'LEA', 31);
INSERT INTO PurchaseLine VALUES ('P073', 'LEA', 44);
INSERT INTO PurchaseLine VALUES ('P074', 'CTN', 13);
INSERT INTO PurchaseLine VALUES ('P075', 'PLP', 31);
INSERT INTO PurchaseLine VALUES ('P076', 'RUB', 10);
INSERT INTO PurchaseLine VALUES ('P077', 'STN', 48);
INSERT INTO PurchaseLine VALUES ('P078', 'RUB', 11);
INSERT INTO PurchaseLine VALUES ('P079', 'PLP', 43);
INSERT INTO PurchaseLine VALUES ('P080', 'RUB', 48);
INSERT INTO PurchaseLine VALUES ('P081', 'XEN', 15);
INSERT INTO PurchaseLine VALUES ('P082', 'STN', 50);
INSERT INTO PurchaseLine VALUES ('P083', 'PLP', 34);
INSERT INTO PurchaseLine VALUES ('P084', 'CTN', 13);
INSERT INTO PurchaseLine VALUES ('P085', 'XEN', 33);
INSERT INTO PurchaseLine VALUES ('P086', 'PLP', 17);
INSERT INTO PurchaseLine VALUES ('P087', 'PLP', 13);
INSERT INTO PurchaseLine VALUES ('P088', 'PLP', 20);
INSERT INTO PurchaseLine VALUES ('P089', 'ALM', 24);
INSERT INTO PurchaseLine VALUES ('P090', 'PLC', 22);
INSERT INTO PurchaseLine VALUES ('P091', 'CTN', 46);
INSERT INTO PurchaseLine VALUES ('P092', 'PLP', 47);
INSERT INTO PurchaseLine VALUES ('P093', 'XEN', 30);
INSERT INTO PurchaseLine VALUES ('P094', 'CTN', 6);
INSERT INTO PurchaseLine VALUES ('P095', 'PLP', 34);
INSERT INTO PurchaseLine VALUES ('P096', 'PLC', 37);
INSERT INTO PurchaseLine VALUES ('P097', 'LEA', 46);
INSERT INTO PurchaseLine VALUES ('P098', 'XEN', 8);
INSERT INTO PurchaseLine VALUES ('P099', 'CTN', 5);
INSERT INTO PurchaseLine VALUES ('P100', 'PLY', 6);
