-- Stores

INSERT INTO Store VALUES (31592623, 967, 'Burrows', null, 'Berkeley', 'CA', '94712', '510-677-9937');
INSERT INTO Store VALUES (40708855, 4, 'Eliot', null, 'Boston', 'MA', '02104', '318-158-2766');
INSERT INTO Store VALUES (80893196, '092', 'Village Green', null, 'West Palm Beach', 'FL', '33411', '561-169-2586');
INSERT INTO Store VALUES (82738160, '18', 'Gina', null, 'Charleston', 'SC', '29424', '843-609-4875');
INSERT INTO Store VALUES (22548624, '58529', 'Bowman', null, 'Atlanta', 'GA', '31132', '404-504-8125');
INSERT INTO Store VALUES (71774227, '783', 'Golf View', null, 'Minneapolis', 'MN', '55480', '612-129-1611');
INSERT INTO Store VALUES (24929418, '76', 'Village Green', null, 'Kingsport', 'TN', '37665', '423-894-3517');
INSERT INTO Store VALUES (56939389, '050', 'Manufacturers', '920', 'Cincinnati', 'OH', '45999', '513-898-0421');
INSERT INTO Store VALUES (87302334, '5598', 'Sauthoff', null, 'Minneapolis', 'MN', '55436', '952-776-6673');
INSERT INTO Store VALUES (77890321, '599', 'Merrick', '244', 'Pittsburgh', 'PA', '15220', '412-771-0547');
INSERT INTO Store VALUES (48670460, '556', 'Northwestern', null, 'Fort Lauderdale', 'FL', '33325', '954-494-3547');
INSERT INTO Store VALUES (69268557, '4608', 'Little Fleur', '67', 'Newton', 'MA', '02162', '508-520-4916');
INSERT INTO Store VALUES (23817778, '7248', 'Pond', '15883', 'New York City', 'NY', '10009', '212-445-2911');
INSERT INTO Store VALUES (83327797, '8981', 'Grover', null, 'Wilkes Barre', 'PA', '18706', '570-530-7308');
INSERT INTO Store VALUES (18581795, '68', 'Luster', '009', 'Gulfport', 'MS', '39505', '228-346-5125');
INSERT INTO Store VALUES (10390898, '3', 'Monica', null, 'Pocatello', 'ID', '83206', '208-471-0582');
INSERT INTO Store VALUES (76165756, '66', 'Anzinger', null, 'Kansas City', 'MO', '64160', '816-743-5303');
INSERT INTO Store VALUES (12588734, '23419', 'Grover', '14288', 'Miami', 'FL', '33175', '305-990-2380');
INSERT INTO Store VALUES (64421538, '2', 'Sunbrook', null, 'Hyattsville', 'MD', '20784', '301-589-0136');
INSERT INTO Store VALUES (89451333, '6', 'Crowley', null, 'Madison', 'WI', '53726', '608-221-0639');
INSERT INTO Store VALUES (33802552, '28296', 'Springs', '143', 'Montgomery', 'AL', '36114', '334-416-1384');
INSERT INTO Store VALUES (64688774, '47782', 'Buena Vista', null, 'Honolulu', 'HI', '96810', '808-133-6757');
INSERT INTO Store VALUES (96736604, '15', 'Melrose', null, 'Chicago', 'IL', '60636', '773-446-3847');
INSERT INTO Store VALUES (40191504, '36022', 'Declaration', null, 'Tucson', 'AZ', '85732', '520-939-6747');
INSERT INTO Store VALUES (57724194, '12', 'Bonner', null, 'Topeka', 'KS', '66622', '785-642-6019');
INSERT INTO Store VALUES (63312648, '33', 'Glacier Hill', null, 'Lake Worth', 'FL', '33467', '561-167-8993');
INSERT INTO Store VALUES (33844415, '01697', 'Kipling', '9', 'Boston', 'MA', '02124', '617-496-9298');
INSERT INTO Store VALUES (24446167, '4', 'Saint Paul', null, 'Washington', 'DC', '20268', '202-445-1265');
INSERT INTO Store VALUES (29880359, '6', 'Colorado', '2', 'Philadelphia', 'PA', '19172', '215-181-4919');
INSERT INTO Store VALUES (50470560, '1792', 'Memorial', '822', 'Hampton', 'VA', '23668', '757-728-5972');
INSERT INTO Store VALUES (62588607, '63', '1st', '8', 'Jacksonville', 'FL', '32259', '904-453-1815');
INSERT INTO Store VALUES (12895221, '9601', 'Melby', null, 'Pittsburgh', 'PA', '15261', '412-697-4087');
INSERT INTO Store VALUES (70517396, '8024', 'Golden Leaf', null, 'Philadelphia', 'PA', '19146', '215-548-0530');
INSERT INTO Store VALUES (15313144, '384', 'Barby', null, 'Saint Petersburg', 'FL', '33710', '727-737-8860');
INSERT INTO Store VALUES (48055567, '6460', 'Daystar', '60283', 'Austin', 'TX', '78764', '512-711-1621');
INSERT INTO Store VALUES (17120169, '352', 'Buena Vista', null, 'Nashville', 'TN', '37245', '615-971-9199');
INSERT INTO Store VALUES (83241184, '60', 'Kings', '17', 'Columbia', 'SC', '29240', '803-107-4543');
INSERT INTO Store VALUES (90847609, '3174', 'Derek', null, 'North Las Vegas', 'NV', '89036', '702-976-9399');
INSERT INTO Store VALUES (46979542, '22', 'Lakeland', '40', 'Santa Ana', 'CA', '92705', '619-867-4643');
INSERT INTO Store VALUES (97267708, '4', 'Hazelcrest', '0', 'Charleston', 'WV', '25305', '304-347-5244');
INSERT INTO Store VALUES (99712727, '345', 'Kings', '7', 'Tucson', 'AZ', '85732', '520-423-0772');
INSERT INTO Store VALUES (99090517, '0098', 'Gerald', '26', 'Newport News', 'VA', '23605', '757-551-4885');
INSERT INTO Store VALUES (19038928, '970', 'Rockefeller', null, 'Roanoke', 'VA', '24048', '540-553-7035');
INSERT INTO Store VALUES (83120194, '7761', 'Kim', '8162', 'San Bernardino', 'CA', '92405', '909-449-9977');
INSERT INTO Store VALUES (36046199, '65980', 'Thierer', '5', 'Daytona Beach', 'FL', '32128', '386-204-7142');
INSERT INTO Store VALUES (96159427, '089', 'Roth', null, 'Long Beach', 'CA', '90810', '323-489-3541');
INSERT INTO Store VALUES (73100744, '2', 'Summit', null, 'Port Charlotte', 'FL', '33954', '941-858-7098');
INSERT INTO Store VALUES (51982754, '14944', 'Mandrake', null, 'Boca Raton', 'FL', '33487', '305-990-5902');
INSERT INTO Store VALUES (88383054, '0', 'Eggendart', '83890', 'El Paso', 'TX', '79999', '915-263-8240');
INSERT INTO Store VALUES (50833065, '004', 'Cherokee', '646', 'Richmond', 'VA', '23272', '804-890-7315');

-- Inventory

INSERT INTO Inventory VALUES ('AZ001', 31592623, 'Car Battery', 'AcarZone brand car battery', 10, 'single', 100, 894, '2021-06-05');
INSERT INTO Inventory VALUES ('AZ001', 40708855, 'Car Battery', 'AcarZone brand car battery', 10, 'single', 100, 794, '2021-03-19');
INSERT INTO Inventory VALUES ('AZ001', 80893196, 'Car Battery', 'AcarZone brand car battery', 10, 'single', 100, 561, '2021-07-08');
INSERT INTO Inventory VALUES ('AZ001', 82738160, 'Car Battery', 'AcarZone brand car battery', 10, 'single', 100, 220, '2021-05-25');
INSERT INTO Inventory VALUES ('AZ001', 22548624, 'Car Battery', 'AcarZone brand car battery', 10, 'single', 100, 564, '2021-09-17');
INSERT INTO Inventory VALUES ('AZ001', 71774227, 'Car Battery', 'AcarZone brand car battery', 10, 'single', 100, 650, '2021-03-25');
INSERT INTO Inventory VALUES ('AZ001', 24929418, 'Car Battery', 'AcarZone brand car battery', 10, 'single', 100, 245, '2021-08-26');
INSERT INTO Inventory VALUES ('AZ001', 56939389, 'Car Battery', 'AcarZone brand car battery', 10, 'single', 100, 219, '2021-03-10');
INSERT INTO Inventory VALUES ('AZ001', 87302334, 'Car Battery', 'AcarZone brand car battery', 10, 'single', 100, 809, '2021-01-09');
INSERT INTO Inventory VALUES ('AZ001', 77890321, 'Car Battery', 'AcarZone brand car battery', 10, 'single', 100, 844, '2021-10-22');
INSERT INTO Inventory VALUES ('AZ001', 48670460, 'Car Battery', 'AcarZone brand car battery', 10, 'single', 100, 160, '2021-01-29');
INSERT INTO Inventory VALUES ('AZ001', 69268557, 'Car Battery', 'AcarZone brand car battery', 10, 'single', 100, 119, '2021-10-10');
INSERT INTO Inventory VALUES ('AZ001', 23817778, 'Car Battery', 'AcarZone brand car battery', 10, 'single', 100, 639, '2021-11-19');
INSERT INTO Inventory VALUES ('AZ001', 83327797, 'Car Battery', 'AcarZone brand car battery', 10, 'single', 100, 592, '2020-12-11');
INSERT INTO Inventory VALUES ('AZ001', 18581795, 'Car Battery', 'AcarZone brand car battery', 10, 'single', 100, 314, '2021-06-10');
INSERT INTO Inventory VALUES ('AZ001', 10390898, 'Car Battery', 'AcarZone brand car battery', 10, 'single', 100, 385, '2021-04-12');
INSERT INTO Inventory VALUES ('AZ001', 76165756, 'Car Battery', 'AcarZone brand car battery', 10, 'single', 100, 861, '2021-07-12');
INSERT INTO Inventory VALUES ('AZ001', 12588734, 'Car Battery', 'AcarZone brand car battery', 10, 'single', 100, 754, '2021-08-26');
INSERT INTO Inventory VALUES ('AZ001', 64421538, 'Car Battery', 'AcarZone brand car battery', 10, 'single', 100, 558, '2021-06-08');
INSERT INTO Inventory VALUES ('AZ001', 89451333, 'Car Battery', 'AcarZone brand car battery', 10, 'single', 100, 234, '2021-06-16');
INSERT INTO Inventory VALUES ('AZ001', 33802552, 'Car Battery', 'AcarZone brand car battery', 10, 'single', 100, 765, '2021-05-18');
INSERT INTO Inventory VALUES ('AZ001', 64688774, 'Car Battery', 'AcarZone brand car battery', 10, 'single', 100, 941, '2021-04-14');
INSERT INTO Inventory VALUES ('AZ001', 96736604, 'Car Battery', 'AcarZone brand car battery', 10, 'single', 100, 760, '2021-05-23');
INSERT INTO Inventory VALUES ('AZ001', 40191504, 'Car Battery', 'AcarZone brand car battery', 10, 'single', 100, 638, '2021-04-12');
INSERT INTO Inventory VALUES ('AZ001', 57724194, 'Car Battery', 'AcarZone brand car battery', 10, 'single', 100, 887, '2021-01-05');
INSERT INTO Inventory VALUES ('AZ001', 63312648, 'Car Battery', 'AcarZone brand car battery', 10, 'single', 100, 698, '2021-03-05');
INSERT INTO Inventory VALUES ('AZ001', 33844415, 'Car Battery', 'AcarZone brand car battery', 10, 'single', 100, 803, '2021-09-11');
INSERT INTO Inventory VALUES ('AZ001', 24446167, 'Car Battery', 'AcarZone brand car battery', 10, 'single', 100, 33, '2021-04-08');
INSERT INTO Inventory VALUES ('AZ001', 29880359, 'Car Battery', 'AcarZone brand car battery', 10, 'single', 100, 390, '2021-04-10');
INSERT INTO Inventory VALUES ('AZ001', 50470560, 'Car Battery', 'AcarZone brand car battery', 10, 'single', 100, 497, '2021-11-06');
INSERT INTO Inventory VALUES ('AZ001', 62588607, 'Car Battery', 'AcarZone brand car battery', 10, 'single', 100, 858, '2021-04-09');
INSERT INTO Inventory VALUES ('AZ001', 12895221, 'Car Battery', 'AcarZone brand car battery', 10, 'single', 100, 988, '2021-10-28');
INSERT INTO Inventory VALUES ('AZ001', 70517396, 'Car Battery', 'AcarZone brand car battery', 10, 'single', 100, 382, '2021-01-06');
INSERT INTO Inventory VALUES ('AZ001', 15313144, 'Car Battery', 'AcarZone brand car battery', 10, 'single', 100, 958, '2020-12-15');
INSERT INTO Inventory VALUES ('AZ001', 48055567, 'Car Battery', 'AcarZone brand car battery', 10, 'single', 100, 59, '2021-06-17');
INSERT INTO Inventory VALUES ('AZ001', 17120169, 'Car Battery', 'AcarZone brand car battery', 10, 'single', 100, 561, '2021-03-20');
INSERT INTO Inventory VALUES ('AZ001', 83241184, 'Car Battery', 'AcarZone brand car battery', 10, 'single', 100, 808, '2021-05-05');
INSERT INTO Inventory VALUES ('AZ001', 90847609, 'Car Battery', 'AcarZone brand car battery', 10, 'single', 100, 744, '2021-11-09');
INSERT INTO Inventory VALUES ('AZ001', 46979542, 'Car Battery', 'AcarZone brand car battery', 10, 'single', 100, 747, '2021-11-12');
INSERT INTO Inventory VALUES ('AZ001', 97267708, 'Car Battery', 'AcarZone brand car battery', 10, 'single', 100, 196, '2021-05-27');
INSERT INTO Inventory VALUES ('AZ001', 99712727, 'Car Battery', 'AcarZone brand car battery', 10, 'single', 100, 909, '2021-11-28');
INSERT INTO Inventory VALUES ('AZ001', 99090517, 'Car Battery', 'AcarZone brand car battery', 10, 'single', 100, 753, '2021-06-13');
INSERT INTO Inventory VALUES ('AZ001', 19038928, 'Car Battery', 'AcarZone brand car battery', 10, 'single', 100, 194, '2021-06-01');
INSERT INTO Inventory VALUES ('AZ001', 83120194, 'Car Battery', 'AcarZone brand car battery', 10, 'single', 100, 772, '2021-03-26');
INSERT INTO Inventory VALUES ('AZ001', 36046199, 'Car Battery', 'AcarZone brand car battery', 10, 'single', 100, 495, '2021-05-06');
INSERT INTO Inventory VALUES ('AZ001', 96159427, 'Car Battery', 'AcarZone brand car battery', 10, 'single', 100, 224, '2021-08-20');
INSERT INTO Inventory VALUES ('AZ001', 73100744, 'Car Battery', 'AcarZone brand car battery', 10, 'single', 100, 708, '2021-07-24');
INSERT INTO Inventory VALUES ('AZ001', 51982754, 'Car Battery', 'AcarZone brand car battery', 10, 'single', 100, 322, '2021-07-10');
INSERT INTO Inventory VALUES ('AZ001', 88383054, 'Car Battery', 'AcarZone brand car battery', 10, 'single', 100, 327, '2021-08-01');
INSERT INTO Inventory VALUES ('AZ001', 50833065, 'Car Battery', 'AcarZone brand car battery', 10, 'single', 100, 705, '2021-08-09');
INSERT INTO Inventory VALUES ('AZ002', 31592623, 'Steering Wheel Cover', 'AcarZone branded steering wheel cover', 3, 'single', 4, 664, '2021-06-03');
INSERT INTO Inventory VALUES ('AZ002', 40708855, 'Steering Wheel Cover', 'AcarZone branded steering wheel cover', 3, 'single', 4, 240, '2021-11-13');
INSERT INTO Inventory VALUES ('AZ002', 80893196, 'Steering Wheel Cover', 'AcarZone branded steering wheel cover', 3, 'single', 4, 540, '2021-07-16');
INSERT INTO Inventory VALUES ('AZ002', 82738160, 'Steering Wheel Cover', 'AcarZone branded steering wheel cover', 3, 'single', 4, 21, '2021-07-30');
INSERT INTO Inventory VALUES ('AZ002', 22548624, 'Steering Wheel Cover', 'AcarZone branded steering wheel cover', 3, 'single', 4, 585, '2021-06-11');
INSERT INTO Inventory VALUES ('AZ002', 71774227, 'Steering Wheel Cover', 'AcarZone branded steering wheel cover', 3, 'single', 4, 813, '2021-06-01');
INSERT INTO Inventory VALUES ('AZ002', 24929418, 'Steering Wheel Cover', 'AcarZone branded steering wheel cover', 3, 'single', 4, 275, '2021-07-05');
INSERT INTO Inventory VALUES ('AZ002', 56939389, 'Steering Wheel Cover', 'AcarZone branded steering wheel cover', 3, 'single', 4, 102, '2021-02-06');
INSERT INTO Inventory VALUES ('AZ002', 87302334, 'Steering Wheel Cover', 'AcarZone branded steering wheel cover', 3, 'single', 4, 662, '2021-11-29');
INSERT INTO Inventory VALUES ('AZ002', 77890321, 'Steering Wheel Cover', 'AcarZone branded steering wheel cover', 3, 'single', 4, 174, '2021-04-16');
INSERT INTO Inventory VALUES ('AZ002', 48670460, 'Steering Wheel Cover', 'AcarZone branded steering wheel cover', 3, 'single', 4, 835, '2021-05-26');
INSERT INTO Inventory VALUES ('AZ002', 69268557, 'Steering Wheel Cover', 'AcarZone branded steering wheel cover', 3, 'single', 4, 117, '2021-04-14');
INSERT INTO Inventory VALUES ('AZ002', 23817778, 'Steering Wheel Cover', 'AcarZone branded steering wheel cover', 3, 'single', 4, 273, '2021-02-01');
INSERT INTO Inventory VALUES ('AZ002', 83327797, 'Steering Wheel Cover', 'AcarZone branded steering wheel cover', 3, 'single', 4, 210, '2021-03-26');
INSERT INTO Inventory VALUES ('AZ002', 18581795, 'Steering Wheel Cover', 'AcarZone branded steering wheel cover', 3, 'single', 4, 919, '2021-03-25');
INSERT INTO Inventory VALUES ('AZ002', 10390898, 'Steering Wheel Cover', 'AcarZone branded steering wheel cover', 3, 'single', 4, 625, '2021-04-20');
INSERT INTO Inventory VALUES ('AZ002', 76165756, 'Steering Wheel Cover', 'AcarZone branded steering wheel cover', 3, 'single', 4, 709, '2021-10-04');
INSERT INTO Inventory VALUES ('AZ002', 12588734, 'Steering Wheel Cover', 'AcarZone branded steering wheel cover', 3, 'single', 4, 193, '2021-02-03');
INSERT INTO Inventory VALUES ('AZ002', 64421538, 'Steering Wheel Cover', 'AcarZone branded steering wheel cover', 3, 'single', 4, 350, '2021-11-29');
INSERT INTO Inventory VALUES ('AZ002', 89451333, 'Steering Wheel Cover', 'AcarZone branded steering wheel cover', 3, 'single', 4, 221, '2020-12-17');
INSERT INTO Inventory VALUES ('AZ002', 33802552, 'Steering Wheel Cover', 'AcarZone branded steering wheel cover', 3, 'single', 4, 103, '2021-07-13');
INSERT INTO Inventory VALUES ('AZ002', 64688774, 'Steering Wheel Cover', 'AcarZone branded steering wheel cover', 3, 'single', 4, 836, '2021-09-08');
INSERT INTO Inventory VALUES ('AZ002', 96736604, 'Steering Wheel Cover', 'AcarZone branded steering wheel cover', 3, 'single', 4, 431, '2021-10-23');
INSERT INTO Inventory VALUES ('AZ002', 40191504, 'Steering Wheel Cover', 'AcarZone branded steering wheel cover', 3, 'single', 4, 118, '2021-01-29');
INSERT INTO Inventory VALUES ('AZ002', 57724194, 'Steering Wheel Cover', 'AcarZone branded steering wheel cover', 3, 'single', 4, 456, '2021-11-27');
INSERT INTO Inventory VALUES ('AZ002', 63312648, 'Steering Wheel Cover', 'AcarZone branded steering wheel cover', 3, 'single', 4, 946, '2021-10-09');
INSERT INTO Inventory VALUES ('AZ002', 33844415, 'Steering Wheel Cover', 'AcarZone branded steering wheel cover', 3, 'single', 4, 71, '2021-08-17');
INSERT INTO Inventory VALUES ('AZ002', 24446167, 'Steering Wheel Cover', 'AcarZone branded steering wheel cover', 3, 'single', 4, 844, '2021-03-06');
INSERT INTO Inventory VALUES ('AZ002', 29880359, 'Steering Wheel Cover', 'AcarZone branded steering wheel cover', 3, 'single', 4, 195, '2021-11-17');
INSERT INTO Inventory VALUES ('AZ002', 50470560, 'Steering Wheel Cover', 'AcarZone branded steering wheel cover', 3, 'single', 4, 874, '2021-08-13');
INSERT INTO Inventory VALUES ('AZ002', 62588607, 'Steering Wheel Cover', 'AcarZone branded steering wheel cover', 3, 'single', 4, 468, '2021-09-22');
INSERT INTO Inventory VALUES ('AZ002', 12895221, 'Steering Wheel Cover', 'AcarZone branded steering wheel cover', 3, 'single', 4, 255, '2021-01-10');
INSERT INTO Inventory VALUES ('AZ002', 70517396, 'Steering Wheel Cover', 'AcarZone branded steering wheel cover', 3, 'single', 4, 738, '2021-01-29');
INSERT INTO Inventory VALUES ('AZ002', 15313144, 'Steering Wheel Cover', 'AcarZone branded steering wheel cover', 3, 'single', 4, 473, '2021-11-26');
INSERT INTO Inventory VALUES ('AZ002', 48055567, 'Steering Wheel Cover', 'AcarZone branded steering wheel cover', 3, 'single', 4, 283, '2021-11-06');
INSERT INTO Inventory VALUES ('AZ002', 17120169, 'Steering Wheel Cover', 'AcarZone branded steering wheel cover', 3, 'single', 4, 205, '2021-10-17');
INSERT INTO Inventory VALUES ('AZ002', 83241184, 'Steering Wheel Cover', 'AcarZone branded steering wheel cover', 3, 'single', 4, 267, '2021-07-09');
INSERT INTO Inventory VALUES ('AZ002', 90847609, 'Steering Wheel Cover', 'AcarZone branded steering wheel cover', 3, 'single', 4, 423, '2021-08-12');
INSERT INTO Inventory VALUES ('AZ002', 46979542, 'Steering Wheel Cover', 'AcarZone branded steering wheel cover', 3, 'single', 4, 517, '2021-03-08');
INSERT INTO Inventory VALUES ('AZ002', 97267708, 'Steering Wheel Cover', 'AcarZone branded steering wheel cover', 3, 'single', 4, 68, '2021-06-23');
INSERT INTO Inventory VALUES ('AZ002', 99712727, 'Steering Wheel Cover', 'AcarZone branded steering wheel cover', 3, 'single', 4, 588, '2020-12-08');
INSERT INTO Inventory VALUES ('AZ002', 99090517, 'Steering Wheel Cover', 'AcarZone branded steering wheel cover', 3, 'single', 4, 131, '2021-04-11');
INSERT INTO Inventory VALUES ('AZ002', 19038928, 'Steering Wheel Cover', 'AcarZone branded steering wheel cover', 3, 'single', 4, 439, '2021-03-13');
INSERT INTO Inventory VALUES ('AZ002', 83120194, 'Steering Wheel Cover', 'AcarZone branded steering wheel cover', 3, 'single', 4, 466, '2021-09-01');
INSERT INTO Inventory VALUES ('AZ002', 36046199, 'Steering Wheel Cover', 'AcarZone branded steering wheel cover', 3, 'single', 4, 490, '2021-08-07');
INSERT INTO Inventory VALUES ('AZ002', 96159427, 'Steering Wheel Cover', 'AcarZone branded steering wheel cover', 3, 'single', 4, 352, '2021-03-30');
INSERT INTO Inventory VALUES ('AZ002', 73100744, 'Steering Wheel Cover', 'AcarZone branded steering wheel cover', 3, 'single', 4, 495, '2021-07-26');
INSERT INTO Inventory VALUES ('AZ002', 51982754, 'Steering Wheel Cover', 'AcarZone branded steering wheel cover', 3, 'single', 4, 220, '2021-03-03');
INSERT INTO Inventory VALUES ('AZ002', 88383054, 'Steering Wheel Cover', 'AcarZone branded steering wheel cover', 3, 'single', 4, 316, '2021-11-21');
INSERT INTO Inventory VALUES ('AZ002', 50833065, 'Steering Wheel Cover', 'AcarZone branded steering wheel cover', 3, 'single', 4, 77, '2021-07-01');
INSERT INTO Inventory VALUES ('AZ003', 31592623, 'Motor Oil', 'High mileage 5W-30 motor oil', 20, 'quart', 9, 504, '2021-06-01');
INSERT INTO Inventory VALUES ('AZ003', 40708855, 'Motor Oil', 'High mileage 5W-30 motor oil', 20, 'quart', 9, 53, '2020-12-11');
INSERT INTO Inventory VALUES ('AZ003', 80893196, 'Motor Oil', 'High mileage 5W-30 motor oil', 20, 'quart', 9, 7, '2021-04-19');
INSERT INTO Inventory VALUES ('AZ003', 82738160, 'Motor Oil', 'High mileage 5W-30 motor oil', 20, 'quart', 9, 150, '2021-09-09');
INSERT INTO Inventory VALUES ('AZ003', 22548624, 'Motor Oil', 'High mileage 5W-30 motor oil', 20, 'quart', 9, 105, '2021-09-21');
INSERT INTO Inventory VALUES ('AZ003', 71774227, 'Motor Oil', 'High mileage 5W-30 motor oil', 20, 'quart', 9, 541, '2021-09-03');
INSERT INTO Inventory VALUES ('AZ003', 24929418, 'Motor Oil', 'High mileage 5W-30 motor oil', 20, 'quart', 9, 262, '2021-04-10');
INSERT INTO Inventory VALUES ('AZ003', 56939389, 'Motor Oil', 'High mileage 5W-30 motor oil', 20, 'quart', 9, 658, '2021-02-05');
INSERT INTO Inventory VALUES ('AZ003', 87302334, 'Motor Oil', 'High mileage 5W-30 motor oil', 20, 'quart', 9, 375, '2021-01-02');
INSERT INTO Inventory VALUES ('AZ003', 77890321, 'Motor Oil', 'High mileage 5W-30 motor oil', 20, 'quart', 9, 337, '2020-12-26');
INSERT INTO Inventory VALUES ('AZ003', 48670460, 'Motor Oil', 'High mileage 5W-30 motor oil', 20, 'quart', 9, 45, '2021-10-09');
INSERT INTO Inventory VALUES ('AZ003', 69268557, 'Motor Oil', 'High mileage 5W-30 motor oil', 20, 'quart', 9, 405, '2021-10-22');
INSERT INTO Inventory VALUES ('AZ003', 23817778, 'Motor Oil', 'High mileage 5W-30 motor oil', 20, 'quart', 9, 463, '2021-01-17');
INSERT INTO Inventory VALUES ('AZ003', 83327797, 'Motor Oil', 'High mileage 5W-30 motor oil', 20, 'quart', 9, 747, '2020-12-12');
INSERT INTO Inventory VALUES ('AZ003', 18581795, 'Motor Oil', 'High mileage 5W-30 motor oil', 20, 'quart', 9, 9, '2021-09-03');
INSERT INTO Inventory VALUES ('AZ003', 10390898, 'Motor Oil', 'High mileage 5W-30 motor oil', 20, 'quart', 9, 490, '2021-03-16');
INSERT INTO Inventory VALUES ('AZ003', 76165756, 'Motor Oil', 'High mileage 5W-30 motor oil', 20, 'quart', 9, 769, '2021-06-24');
INSERT INTO Inventory VALUES ('AZ003', 12588734, 'Motor Oil', 'High mileage 5W-30 motor oil', 20, 'quart', 9, 947, '2021-06-10');
INSERT INTO Inventory VALUES ('AZ003', 64421538, 'Motor Oil', 'High mileage 5W-30 motor oil', 20, 'quart', 9, 597, '2021-06-30');
INSERT INTO Inventory VALUES ('AZ003', 89451333, 'Motor Oil', 'High mileage 5W-30 motor oil', 20, 'quart', 9, 211, '2021-10-03');
INSERT INTO Inventory VALUES ('AZ003', 33802552, 'Motor Oil', 'High mileage 5W-30 motor oil', 20, 'quart', 9, 535, '2021-08-14');
INSERT INTO Inventory VALUES ('AZ003', 64688774, 'Motor Oil', 'High mileage 5W-30 motor oil', 20, 'quart', 9, 431, '2021-07-09');
INSERT INTO Inventory VALUES ('AZ003', 96736604, 'Motor Oil', 'High mileage 5W-30 motor oil', 20, 'quart', 9, 54, '2021-02-22');
INSERT INTO Inventory VALUES ('AZ003', 40191504, 'Motor Oil', 'High mileage 5W-30 motor oil', 20, 'quart', 9, 144, '2021-12-03');
INSERT INTO Inventory VALUES ('AZ003', 57724194, 'Motor Oil', 'High mileage 5W-30 motor oil', 20, 'quart', 9, 839, '2021-10-10');
INSERT INTO Inventory VALUES ('AZ003', 63312648, 'Motor Oil', 'High mileage 5W-30 motor oil', 20, 'quart', 9, 67, '2021-09-29');
INSERT INTO Inventory VALUES ('AZ003', 33844415, 'Motor Oil', 'High mileage 5W-30 motor oil', 20, 'quart', 9, 206, '2021-08-04');
INSERT INTO Inventory VALUES ('AZ003', 24446167, 'Motor Oil', 'High mileage 5W-30 motor oil', 20, 'quart', 9, 147, '2020-12-09');
INSERT INTO Inventory VALUES ('AZ003', 29880359, 'Motor Oil', 'High mileage 5W-30 motor oil', 20, 'quart', 9, 163, '2021-06-03');
INSERT INTO Inventory VALUES ('AZ003', 50470560, 'Motor Oil', 'High mileage 5W-30 motor oil', 20, 'quart', 9, 872, '2021-08-09');
INSERT INTO Inventory VALUES ('AZ003', 62588607, 'Motor Oil', 'High mileage 5W-30 motor oil', 20, 'quart', 9, 572, '2021-11-01');
INSERT INTO Inventory VALUES ('AZ003', 12895221, 'Motor Oil', 'High mileage 5W-30 motor oil', 20, 'quart', 9, 621, '2021-02-15');
INSERT INTO Inventory VALUES ('AZ003', 70517396, 'Motor Oil', 'High mileage 5W-30 motor oil', 20, 'quart', 9, 513, '2021-01-04');
INSERT INTO Inventory VALUES ('AZ003', 15313144, 'Motor Oil', 'High mileage 5W-30 motor oil', 20, 'quart', 9, 496, '2021-01-18');
INSERT INTO Inventory VALUES ('AZ003', 48055567, 'Motor Oil', 'High mileage 5W-30 motor oil', 20, 'quart', 9, 538, '2021-10-26');
INSERT INTO Inventory VALUES ('AZ003', 17120169, 'Motor Oil', 'High mileage 5W-30 motor oil', 20, 'quart', 9, 237, '2021-09-27');
INSERT INTO Inventory VALUES ('AZ003', 83241184, 'Motor Oil', 'High mileage 5W-30 motor oil', 20, 'quart', 9, 233, '2021-10-17');
INSERT INTO Inventory VALUES ('AZ003', 90847609, 'Motor Oil', 'High mileage 5W-30 motor oil', 20, 'quart', 9, 434, '2021-11-10');
INSERT INTO Inventory VALUES ('AZ003', 46979542, 'Motor Oil', 'High mileage 5W-30 motor oil', 20, 'quart', 9, 656, '2021-08-11');
INSERT INTO Inventory VALUES ('AZ003', 97267708, 'Motor Oil', 'High mileage 5W-30 motor oil', 20, 'quart', 9, 583, '2021-08-29');
INSERT INTO Inventory VALUES ('AZ003', 99712727, 'Motor Oil', 'High mileage 5W-30 motor oil', 20, 'quart', 9, 511, '2021-11-22');
INSERT INTO Inventory VALUES ('AZ003', 99090517, 'Motor Oil', 'High mileage 5W-30 motor oil', 20, 'quart', 9, 318, '2021-10-25');
INSERT INTO Inventory VALUES ('AZ003', 19038928, 'Motor Oil', 'High mileage 5W-30 motor oil', 20, 'quart', 9, 9, '2021-06-10');
INSERT INTO Inventory VALUES ('AZ003', 83120194, 'Motor Oil', 'High mileage 5W-30 motor oil', 20, 'quart', 9, 125, '2021-11-30');
INSERT INTO Inventory VALUES ('AZ003', 36046199, 'Motor Oil', 'High mileage 5W-30 motor oil', 20, 'quart', 9, 865, '2021-09-17');
INSERT INTO Inventory VALUES ('AZ003', 96159427, 'Motor Oil', 'High mileage 5W-30 motor oil', 20, 'quart', 9, 209, '2021-09-19');
INSERT INTO Inventory VALUES ('AZ003', 73100744, 'Motor Oil', 'High mileage 5W-30 motor oil', 20, 'quart', 9, 947, '2021-05-27');
INSERT INTO Inventory VALUES ('AZ003', 51982754, 'Motor Oil', 'High mileage 5W-30 motor oil', 20, 'quart', 9, 212, '2021-03-25');
INSERT INTO Inventory VALUES ('AZ003', 88383054, 'Motor Oil', 'High mileage 5W-30 motor oil', 20, 'quart', 9, 816, '2021-10-12');
INSERT INTO Inventory VALUES ('AZ003', 50833065, 'Motor Oil', 'High mileage 5W-30 motor oil', 20, 'quart', 9, 679, '2021-04-26');
INSERT INTO Inventory VALUES ('AZ004', 31592623, 'Wiper Fluid', 'Windshield wiper fluid', 5, 'gallon', 0.5, 230, '2020-12-28');
INSERT INTO Inventory VALUES ('AZ004', 40708855, 'Wiper Fluid', 'Windshield wiper fluid', 5, 'gallon', 0.5, 84, '2021-02-01');
INSERT INTO Inventory VALUES ('AZ004', 80893196, 'Wiper Fluid', 'Windshield wiper fluid', 5, 'gallon', 0.5, 118, '2021-06-29');
INSERT INTO Inventory VALUES ('AZ004', 82738160, 'Wiper Fluid', 'Windshield wiper fluid', 5, 'gallon', 0.5, 907, '2021-08-17');
INSERT INTO Inventory VALUES ('AZ004', 22548624, 'Wiper Fluid', 'Windshield wiper fluid', 5, 'gallon', 0.5, 463, '2020-12-04');
INSERT INTO Inventory VALUES ('AZ004', 71774227, 'Wiper Fluid', 'Windshield wiper fluid', 5, 'gallon', 0.5, 970, '2021-03-09');
INSERT INTO Inventory VALUES ('AZ004', 24929418, 'Wiper Fluid', 'Windshield wiper fluid', 5, 'gallon', 0.5, 690, '2021-10-10');
INSERT INTO Inventory VALUES ('AZ004', 56939389, 'Wiper Fluid', 'Windshield wiper fluid', 5, 'gallon', 0.5, 537, '2021-06-08');
INSERT INTO Inventory VALUES ('AZ004', 87302334, 'Wiper Fluid', 'Windshield wiper fluid', 5, 'gallon', 0.5, 547, '2021-08-12');
INSERT INTO Inventory VALUES ('AZ004', 77890321, 'Wiper Fluid', 'Windshield wiper fluid', 5, 'gallon', 0.5, 97, '2021-03-07');
INSERT INTO Inventory VALUES ('AZ004', 48670460, 'Wiper Fluid', 'Windshield wiper fluid', 5, 'gallon', 0.5, 746, '2021-04-29');
INSERT INTO Inventory VALUES ('AZ004', 69268557, 'Wiper Fluid', 'Windshield wiper fluid', 5, 'gallon', 0.5, 367, '2021-03-20');
INSERT INTO Inventory VALUES ('AZ004', 23817778, 'Wiper Fluid', 'Windshield wiper fluid', 5, 'gallon', 0.5, 770, '2021-06-27');
INSERT INTO Inventory VALUES ('AZ004', 83327797, 'Wiper Fluid', 'Windshield wiper fluid', 5, 'gallon', 0.5, 402, '2020-12-27');
INSERT INTO Inventory VALUES ('AZ004', 18581795, 'Wiper Fluid', 'Windshield wiper fluid', 5, 'gallon', 0.5, 743, '2021-08-17');
INSERT INTO Inventory VALUES ('AZ004', 10390898, 'Wiper Fluid', 'Windshield wiper fluid', 5, 'gallon', 0.5, 732, '2020-12-31');
INSERT INTO Inventory VALUES ('AZ004', 76165756, 'Wiper Fluid', 'Windshield wiper fluid', 5, 'gallon', 0.5, 850, '2021-05-15');
INSERT INTO Inventory VALUES ('AZ004', 12588734, 'Wiper Fluid', 'Windshield wiper fluid', 5, 'gallon', 0.5, 770, '2020-12-22');
INSERT INTO Inventory VALUES ('AZ004', 64421538, 'Wiper Fluid', 'Windshield wiper fluid', 5, 'gallon', 0.5, 60, '2020-12-18');
INSERT INTO Inventory VALUES ('AZ004', 89451333, 'Wiper Fluid', 'Windshield wiper fluid', 5, 'gallon', 0.5, 65, '2021-05-19');
INSERT INTO Inventory VALUES ('AZ004', 33802552, 'Wiper Fluid', 'Windshield wiper fluid', 5, 'gallon', 0.5, 880, '2020-12-27');
INSERT INTO Inventory VALUES ('AZ004', 64688774, 'Wiper Fluid', 'Windshield wiper fluid', 5, 'gallon', 0.5, 249, '2020-12-06');
INSERT INTO Inventory VALUES ('AZ004', 96736604, 'Wiper Fluid', 'Windshield wiper fluid', 5, 'gallon', 0.5, 350, '2020-12-29');
INSERT INTO Inventory VALUES ('AZ004', 40191504, 'Wiper Fluid', 'Windshield wiper fluid', 5, 'gallon', 0.5, 11, '2021-02-02');
INSERT INTO Inventory VALUES ('AZ004', 57724194, 'Wiper Fluid', 'Windshield wiper fluid', 5, 'gallon', 0.5, 9, '2021-09-04');
INSERT INTO Inventory VALUES ('AZ004', 63312648, 'Wiper Fluid', 'Windshield wiper fluid', 5, 'gallon', 0.5, 107, '2021-03-03');
INSERT INTO Inventory VALUES ('AZ004', 33844415, 'Wiper Fluid', 'Windshield wiper fluid', 5, 'gallon', 0.5, 512, '2021-03-25');
INSERT INTO Inventory VALUES ('AZ004', 24446167, 'Wiper Fluid', 'Windshield wiper fluid', 5, 'gallon', 0.5, 201, '2021-01-27');
INSERT INTO Inventory VALUES ('AZ004', 29880359, 'Wiper Fluid', 'Windshield wiper fluid', 5, 'gallon', 0.5, 489, '2021-04-02');
INSERT INTO Inventory VALUES ('AZ004', 50470560, 'Wiper Fluid', 'Windshield wiper fluid', 5, 'gallon', 0.5, 454, '2020-12-10');
INSERT INTO Inventory VALUES ('AZ004', 62588607, 'Wiper Fluid', 'Windshield wiper fluid', 5, 'gallon', 0.5, 261, '2021-07-27');
INSERT INTO Inventory VALUES ('AZ004', 12895221, 'Wiper Fluid', 'Windshield wiper fluid', 5, 'gallon', 0.5, 995, '2021-10-03');
INSERT INTO Inventory VALUES ('AZ004', 70517396, 'Wiper Fluid', 'Windshield wiper fluid', 5, 'gallon', 0.5, 748, '2021-11-09');
INSERT INTO Inventory VALUES ('AZ004', 15313144, 'Wiper Fluid', 'Windshield wiper fluid', 5, 'gallon', 0.5, 843, '2021-10-01');
INSERT INTO Inventory VALUES ('AZ004', 48055567, 'Wiper Fluid', 'Windshield wiper fluid', 5, 'gallon', 0.5, 125, '2021-02-14');
INSERT INTO Inventory VALUES ('AZ004', 17120169, 'Wiper Fluid', 'Windshield wiper fluid', 5, 'gallon', 0.5, 434, '2021-03-17');
INSERT INTO Inventory VALUES ('AZ004', 83241184, 'Wiper Fluid', 'Windshield wiper fluid', 5, 'gallon', 0.5, 330, '2021-01-30');
INSERT INTO Inventory VALUES ('AZ004', 90847609, 'Wiper Fluid', 'Windshield wiper fluid', 5, 'gallon', 0.5, 238, '2021-08-03');
INSERT INTO Inventory VALUES ('AZ004', 46979542, 'Wiper Fluid', 'Windshield wiper fluid', 5, 'gallon', 0.5, 900, '2021-07-08');
INSERT INTO Inventory VALUES ('AZ004', 97267708, 'Wiper Fluid', 'Windshield wiper fluid', 5, 'gallon', 0.5, 95, '2021-08-01');
INSERT INTO Inventory VALUES ('AZ004', 99712727, 'Wiper Fluid', 'Windshield wiper fluid', 5, 'gallon', 0.5, 391, '2021-10-05');
INSERT INTO Inventory VALUES ('AZ004', 99090517, 'Wiper Fluid', 'Windshield wiper fluid', 5, 'gallon', 0.5, 128, '2021-10-30');
INSERT INTO Inventory VALUES ('AZ004', 19038928, 'Wiper Fluid', 'Windshield wiper fluid', 5, 'gallon', 0.5, 852, '2021-03-17');
INSERT INTO Inventory VALUES ('AZ004', 83120194, 'Wiper Fluid', 'Windshield wiper fluid', 5, 'gallon', 0.5, 401, '2021-03-27');
INSERT INTO Inventory VALUES ('AZ004', 36046199, 'Wiper Fluid', 'Windshield wiper fluid', 5, 'gallon', 0.5, 726, '2021-10-29');
INSERT INTO Inventory VALUES ('AZ004', 96159427, 'Wiper Fluid', 'Windshield wiper fluid', 5, 'gallon', 0.5, 928, '2021-07-21');
INSERT INTO Inventory VALUES ('AZ004', 73100744, 'Wiper Fluid', 'Windshield wiper fluid', 5, 'gallon', 0.5, 318, '2021-09-03');
INSERT INTO Inventory VALUES ('AZ004', 51982754, 'Wiper Fluid', 'Windshield wiper fluid', 5, 'gallon', 0.5, 952, '2021-01-11');
INSERT INTO Inventory VALUES ('AZ004', 88383054, 'Wiper Fluid', 'Windshield wiper fluid', 5, 'gallon', 0.5, 854, '2021-11-26');
INSERT INTO Inventory VALUES ('AZ004', 50833065, 'Wiper Fluid', 'Windshield wiper fluid', 5, 'gallon', 0.5, 723, '2021-09-29');
INSERT INTO Inventory VALUES ('AZ005', 31592623, 'Floor mat', 'AcarZone branded floor mats', 5, 'pair', 10, 307, '2020-12-20');
INSERT INTO Inventory VALUES ('AZ005', 40708855, 'Floor mat', 'AcarZone branded floor mats', 5, 'pair', 10, 598, '2021-02-18');
INSERT INTO Inventory VALUES ('AZ005', 80893196, 'Floor mat', 'AcarZone branded floor mats', 5, 'pair', 10, 1000, '2021-07-29');
INSERT INTO Inventory VALUES ('AZ005', 82738160, 'Floor mat', 'AcarZone branded floor mats', 5, 'pair', 10, 114, '2021-11-14');
INSERT INTO Inventory VALUES ('AZ005', 22548624, 'Floor mat', 'AcarZone branded floor mats', 5, 'pair', 10, 452, '2021-03-24');
INSERT INTO Inventory VALUES ('AZ005', 71774227, 'Floor mat', 'AcarZone branded floor mats', 5, 'pair', 10, 111, '2021-09-04');
INSERT INTO Inventory VALUES ('AZ005', 24929418, 'Floor mat', 'AcarZone branded floor mats', 5, 'pair', 10, 950, '2021-10-08');
INSERT INTO Inventory VALUES ('AZ005', 56939389, 'Floor mat', 'AcarZone branded floor mats', 5, 'pair', 10, 980, '2021-01-19');
INSERT INTO Inventory VALUES ('AZ005', 87302334, 'Floor mat', 'AcarZone branded floor mats', 5, 'pair', 10, 102, '2021-07-17');
INSERT INTO Inventory VALUES ('AZ005', 77890321, 'Floor mat', 'AcarZone branded floor mats', 5, 'pair', 10, 978, '2021-01-22');
INSERT INTO Inventory VALUES ('AZ005', 48670460, 'Floor mat', 'AcarZone branded floor mats', 5, 'pair', 10, 927, '2021-02-04');
INSERT INTO Inventory VALUES ('AZ005', 69268557, 'Floor mat', 'AcarZone branded floor mats', 5, 'pair', 10, 37, '2021-11-03');
INSERT INTO Inventory VALUES ('AZ005', 23817778, 'Floor mat', 'AcarZone branded floor mats', 5, 'pair', 10, 654, '2021-07-29');
INSERT INTO Inventory VALUES ('AZ005', 83327797, 'Floor mat', 'AcarZone branded floor mats', 5, 'pair', 10, 901, '2021-10-23');
INSERT INTO Inventory VALUES ('AZ005', 18581795, 'Floor mat', 'AcarZone branded floor mats', 5, 'pair', 10, 540, '2021-06-17');
INSERT INTO Inventory VALUES ('AZ005', 10390898, 'Floor mat', 'AcarZone branded floor mats', 5, 'pair', 10, 743, '2021-09-03');
INSERT INTO Inventory VALUES ('AZ005', 76165756, 'Floor mat', 'AcarZone branded floor mats', 5, 'pair', 10, 995, '2021-08-14');
INSERT INTO Inventory VALUES ('AZ005', 12588734, 'Floor mat', 'AcarZone branded floor mats', 5, 'pair', 10, 72, '2021-07-14');
INSERT INTO Inventory VALUES ('AZ005', 64421538, 'Floor mat', 'AcarZone branded floor mats', 5, 'pair', 10, 298, '2021-08-16');
INSERT INTO Inventory VALUES ('AZ005', 89451333, 'Floor mat', 'AcarZone branded floor mats', 5, 'pair', 10, 163, '2021-07-13');
INSERT INTO Inventory VALUES ('AZ005', 33802552, 'Floor mat', 'AcarZone branded floor mats', 5, 'pair', 10, 926, '2021-01-13');
INSERT INTO Inventory VALUES ('AZ005', 64688774, 'Floor mat', 'AcarZone branded floor mats', 5, 'pair', 10, 868, '2021-11-22');
INSERT INTO Inventory VALUES ('AZ005', 96736604, 'Floor mat', 'AcarZone branded floor mats', 5, 'pair', 10, 355, '2021-07-19');
INSERT INTO Inventory VALUES ('AZ005', 40191504, 'Floor mat', 'AcarZone branded floor mats', 5, 'pair', 10, 173, '2021-05-19');
INSERT INTO Inventory VALUES ('AZ005', 57724194, 'Floor mat', 'AcarZone branded floor mats', 5, 'pair', 10, 352, '2021-07-05');
INSERT INTO Inventory VALUES ('AZ005', 63312648, 'Floor mat', 'AcarZone branded floor mats', 5, 'pair', 10, 912, '2021-01-10');
INSERT INTO Inventory VALUES ('AZ005', 33844415, 'Floor mat', 'AcarZone branded floor mats', 5, 'pair', 10, 319, '2021-07-31');
INSERT INTO Inventory VALUES ('AZ005', 24446167, 'Floor mat', 'AcarZone branded floor mats', 5, 'pair', 10, 147, '2021-03-06');
INSERT INTO Inventory VALUES ('AZ005', 29880359, 'Floor mat', 'AcarZone branded floor mats', 5, 'pair', 10, 831, '2021-04-13');
INSERT INTO Inventory VALUES ('AZ005', 50470560, 'Floor mat', 'AcarZone branded floor mats', 5, 'pair', 10, 398, '2021-10-27');
INSERT INTO Inventory VALUES ('AZ005', 62588607, 'Floor mat', 'AcarZone branded floor mats', 5, 'pair', 10, 106, '2021-03-02');
INSERT INTO Inventory VALUES ('AZ005', 12895221, 'Floor mat', 'AcarZone branded floor mats', 5, 'pair', 10, 52, '2021-03-02');
INSERT INTO Inventory VALUES ('AZ005', 70517396, 'Floor mat', 'AcarZone branded floor mats', 5, 'pair', 10, 142, '2020-12-15');
INSERT INTO Inventory VALUES ('AZ005', 15313144, 'Floor mat', 'AcarZone branded floor mats', 5, 'pair', 10, 613, '2021-09-05');
INSERT INTO Inventory VALUES ('AZ005', 48055567, 'Floor mat', 'AcarZone branded floor mats', 5, 'pair', 10, 138, '2021-07-11');
INSERT INTO Inventory VALUES ('AZ005', 17120169, 'Floor mat', 'AcarZone branded floor mats', 5, 'pair', 10, 859, '2021-05-20');
INSERT INTO Inventory VALUES ('AZ005', 83241184, 'Floor mat', 'AcarZone branded floor mats', 5, 'pair', 10, 843, '2021-09-01');
INSERT INTO Inventory VALUES ('AZ005', 90847609, 'Floor mat', 'AcarZone branded floor mats', 5, 'pair', 10, 604, '2021-11-22');
INSERT INTO Inventory VALUES ('AZ005', 46979542, 'Floor mat', 'AcarZone branded floor mats', 5, 'pair', 10, 113, '2020-12-27');
INSERT INTO Inventory VALUES ('AZ005', 97267708, 'Floor mat', 'AcarZone branded floor mats', 5, 'pair', 10, 990, '2021-06-11');
INSERT INTO Inventory VALUES ('AZ005', 99712727, 'Floor mat', 'AcarZone branded floor mats', 5, 'pair', 10, 877, '2021-03-26');
INSERT INTO Inventory VALUES ('AZ005', 99090517, 'Floor mat', 'AcarZone branded floor mats', 5, 'pair', 10, 627, '2021-09-12');
INSERT INTO Inventory VALUES ('AZ005', 19038928, 'Floor mat', 'AcarZone branded floor mats', 5, 'pair', 10, 803, '2021-06-22');
INSERT INTO Inventory VALUES ('AZ005', 83120194, 'Floor mat', 'AcarZone branded floor mats', 5, 'pair', 10, 341, '2021-10-31');
INSERT INTO Inventory VALUES ('AZ005', 36046199, 'Floor mat', 'AcarZone branded floor mats', 5, 'pair', 10, 41, '2021-11-17');
INSERT INTO Inventory VALUES ('AZ005', 96159427, 'Floor mat', 'AcarZone branded floor mats', 5, 'pair', 10, 579, '2021-06-04');
INSERT INTO Inventory VALUES ('AZ005', 73100744, 'Floor mat', 'AcarZone branded floor mats', 5, 'pair', 10, 223, '2021-10-28');
INSERT INTO Inventory VALUES ('AZ005', 51982754, 'Floor mat', 'AcarZone branded floor mats', 5, 'pair', 10, 249, '2021-07-26');
INSERT INTO Inventory VALUES ('AZ005', 88383054, 'Floor mat', 'AcarZone branded floor mats', 5, 'pair', 10, 122, '2021-09-22');
INSERT INTO Inventory VALUES ('AZ005', 50833065, 'Floor mat', 'AcarZone branded floor mats', 5, 'pair', 10, 467, '2021-11-22');
INSERT INTO Inventory VALUES ('AZ006', 31592623, 'Air freshener', 'Pine-scented air freshener', 5, 'tree', 0.25, 542, '2021-11-10');
INSERT INTO Inventory VALUES ('AZ006', 40708855, 'Air freshener', 'Pine-scented air freshener', 5, 'tree', 0.25, 787, '2021-09-16');
INSERT INTO Inventory VALUES ('AZ006', 80893196, 'Air freshener', 'Pine-scented air freshener', 5, 'tree', 0.25, 220, '2021-05-14');
INSERT INTO Inventory VALUES ('AZ006', 82738160, 'Air freshener', 'Pine-scented air freshener', 5, 'tree', 0.25, 890, '2021-06-18');
INSERT INTO Inventory VALUES ('AZ006', 22548624, 'Air freshener', 'Pine-scented air freshener', 5, 'tree', 0.25, 926, '2021-06-09');
INSERT INTO Inventory VALUES ('AZ006', 71774227, 'Air freshener', 'Pine-scented air freshener', 5, 'tree', 0.25, 377, '2021-03-10');
INSERT INTO Inventory VALUES ('AZ006', 24929418, 'Air freshener', 'Pine-scented air freshener', 5, 'tree', 0.25, 613, '2021-08-05');
INSERT INTO Inventory VALUES ('AZ006', 56939389, 'Air freshener', 'Pine-scented air freshener', 5, 'tree', 0.25, 619, '2021-06-21');
INSERT INTO Inventory VALUES ('AZ006', 87302334, 'Air freshener', 'Pine-scented air freshener', 5, 'tree', 0.25, 402, '2021-05-22');
INSERT INTO Inventory VALUES ('AZ006', 77890321, 'Air freshener', 'Pine-scented air freshener', 5, 'tree', 0.25, 837, '2021-06-22');
INSERT INTO Inventory VALUES ('AZ006', 48670460, 'Air freshener', 'Pine-scented air freshener', 5, 'tree', 0.25, 966, '2021-11-03');
INSERT INTO Inventory VALUES ('AZ006', 69268557, 'Air freshener', 'Pine-scented air freshener', 5, 'tree', 0.25, 854, '2021-01-01');
INSERT INTO Inventory VALUES ('AZ006', 23817778, 'Air freshener', 'Pine-scented air freshener', 5, 'tree', 0.25, 909, '2020-12-07');
INSERT INTO Inventory VALUES ('AZ006', 83327797, 'Air freshener', 'Pine-scented air freshener', 5, 'tree', 0.25, 283, '2021-03-25');
INSERT INTO Inventory VALUES ('AZ006', 18581795, 'Air freshener', 'Pine-scented air freshener', 5, 'tree', 0.25, 852, '2021-10-20');
INSERT INTO Inventory VALUES ('AZ006', 10390898, 'Air freshener', 'Pine-scented air freshener', 5, 'tree', 0.25, 270, '2021-05-11');
INSERT INTO Inventory VALUES ('AZ006', 76165756, 'Air freshener', 'Pine-scented air freshener', 5, 'tree', 0.25, 107, '2021-08-18');
INSERT INTO Inventory VALUES ('AZ006', 12588734, 'Air freshener', 'Pine-scented air freshener', 5, 'tree', 0.25, 587, '2021-01-19');
INSERT INTO Inventory VALUES ('AZ006', 64421538, 'Air freshener', 'Pine-scented air freshener', 5, 'tree', 0.25, 864, '2021-10-05');
INSERT INTO Inventory VALUES ('AZ006', 89451333, 'Air freshener', 'Pine-scented air freshener', 5, 'tree', 0.25, 68, '2021-06-19');
INSERT INTO Inventory VALUES ('AZ006', 33802552, 'Air freshener', 'Pine-scented air freshener', 5, 'tree', 0.25, 628, '2021-10-09');
INSERT INTO Inventory VALUES ('AZ006', 64688774, 'Air freshener', 'Pine-scented air freshener', 5, 'tree', 0.25, 337, '2021-06-04');
INSERT INTO Inventory VALUES ('AZ006', 96736604, 'Air freshener', 'Pine-scented air freshener', 5, 'tree', 0.25, 558, '2021-11-02');
INSERT INTO Inventory VALUES ('AZ006', 40191504, 'Air freshener', 'Pine-scented air freshener', 5, 'tree', 0.25, 326, '2021-07-19');
INSERT INTO Inventory VALUES ('AZ006', 57724194, 'Air freshener', 'Pine-scented air freshener', 5, 'tree', 0.25, 91, '2021-04-08');
INSERT INTO Inventory VALUES ('AZ006', 63312648, 'Air freshener', 'Pine-scented air freshener', 5, 'tree', 0.25, 150, '2021-08-09');
INSERT INTO Inventory VALUES ('AZ006', 33844415, 'Air freshener', 'Pine-scented air freshener', 5, 'tree', 0.25, 573, '2021-10-06');
INSERT INTO Inventory VALUES ('AZ006', 24446167, 'Air freshener', 'Pine-scented air freshener', 5, 'tree', 0.25, 15, '2021-11-29');
INSERT INTO Inventory VALUES ('AZ006', 29880359, 'Air freshener', 'Pine-scented air freshener', 5, 'tree', 0.25, 834, '2021-11-05');
INSERT INTO Inventory VALUES ('AZ006', 50470560, 'Air freshener', 'Pine-scented air freshener', 5, 'tree', 0.25, 518, '2021-06-04');
INSERT INTO Inventory VALUES ('AZ006', 62588607, 'Air freshener', 'Pine-scented air freshener', 5, 'tree', 0.25, 318, '2021-07-19');
INSERT INTO Inventory VALUES ('AZ006', 12895221, 'Air freshener', 'Pine-scented air freshener', 5, 'tree', 0.25, 715, '2021-08-29');
INSERT INTO Inventory VALUES ('AZ006', 70517396, 'Air freshener', 'Pine-scented air freshener', 5, 'tree', 0.25, 82, '2021-03-07');
INSERT INTO Inventory VALUES ('AZ006', 15313144, 'Air freshener', 'Pine-scented air freshener', 5, 'tree', 0.25, 742, '2021-10-21');
INSERT INTO Inventory VALUES ('AZ006', 48055567, 'Air freshener', 'Pine-scented air freshener', 5, 'tree', 0.25, 806, '2021-09-04');
INSERT INTO Inventory VALUES ('AZ006', 17120169, 'Air freshener', 'Pine-scented air freshener', 5, 'tree', 0.25, 731, '2021-07-17');
INSERT INTO Inventory VALUES ('AZ006', 83241184, 'Air freshener', 'Pine-scented air freshener', 5, 'tree', 0.25, 579, '2021-08-31');
INSERT INTO Inventory VALUES ('AZ006', 90847609, 'Air freshener', 'Pine-scented air freshener', 5, 'tree', 0.25, 846, '2021-04-18');
INSERT INTO Inventory VALUES ('AZ006', 46979542, 'Air freshener', 'Pine-scented air freshener', 5, 'tree', 0.25, 594, '2021-05-01');
INSERT INTO Inventory VALUES ('AZ006', 97267708, 'Air freshener', 'Pine-scented air freshener', 5, 'tree', 0.25, 181, '2021-05-01');
INSERT INTO Inventory VALUES ('AZ006', 99712727, 'Air freshener', 'Pine-scented air freshener', 5, 'tree', 0.25, 202, '2021-03-29');
INSERT INTO Inventory VALUES ('AZ006', 99090517, 'Air freshener', 'Pine-scented air freshener', 5, 'tree', 0.25, 947, '2021-11-23');
INSERT INTO Inventory VALUES ('AZ006', 19038928, 'Air freshener', 'Pine-scented air freshener', 5, 'tree', 0.25, 52, '2020-12-05');
INSERT INTO Inventory VALUES ('AZ006', 83120194, 'Air freshener', 'Pine-scented air freshener', 5, 'tree', 0.25, 345, '2021-08-30');
INSERT INTO Inventory VALUES ('AZ006', 36046199, 'Air freshener', 'Pine-scented air freshener', 5, 'tree', 0.25, 542, '2020-12-04');
INSERT INTO Inventory VALUES ('AZ006', 96159427, 'Air freshener', 'Pine-scented air freshener', 5, 'tree', 0.25, 605, '2020-12-24');
INSERT INTO Inventory VALUES ('AZ006', 73100744, 'Air freshener', 'Pine-scented air freshener', 5, 'tree', 0.25, 273, '2021-08-15');
INSERT INTO Inventory VALUES ('AZ006', 51982754, 'Air freshener', 'Pine-scented air freshener', 5, 'tree', 0.25, 167, '2021-04-10');
INSERT INTO Inventory VALUES ('AZ006', 88383054, 'Air freshener', 'Pine-scented air freshener', 5, 'tree', 0.25, 914, '2021-06-10');
INSERT INTO Inventory VALUES ('AZ006', 50833065, 'Air freshener', 'Pine-scented air freshener', 5, 'tree', 0.25, 17, '2021-04-06');
INSERT INTO Inventory VALUES ('AZ007', 31592623, 'Air filter', 'Performance air filter', 5, 'single', 10, 353, '2021-05-02');
INSERT INTO Inventory VALUES ('AZ007', 40708855, 'Air filter', 'Performance air filter', 5, 'single', 10, 0, '2021-03-20');
INSERT INTO Inventory VALUES ('AZ007', 80893196, 'Air filter', 'Performance air filter', 5, 'single', 10, 603, '2021-02-20');
INSERT INTO Inventory VALUES ('AZ007', 82738160, 'Air filter', 'Performance air filter', 5, 'single', 10, 793, '2021-10-04');
INSERT INTO Inventory VALUES ('AZ007', 22548624, 'Air filter', 'Performance air filter', 5, 'single', 10, 646, '2021-03-31');
INSERT INTO Inventory VALUES ('AZ007', 71774227, 'Air filter', 'Performance air filter', 5, 'single', 10, 672, '2021-09-17');
INSERT INTO Inventory VALUES ('AZ007', 24929418, 'Air filter', 'Performance air filter', 5, 'single', 10, 94, '2021-05-14');
INSERT INTO Inventory VALUES ('AZ007', 56939389, 'Air filter', 'Performance air filter', 5, 'single', 10, 128, '2021-03-29');
INSERT INTO Inventory VALUES ('AZ007', 87302334, 'Air filter', 'Performance air filter', 5, 'single', 10, 812, '2021-04-18');
INSERT INTO Inventory VALUES ('AZ007', 77890321, 'Air filter', 'Performance air filter', 5, 'single', 10, 721, '2021-04-06');
INSERT INTO Inventory VALUES ('AZ007', 48670460, 'Air filter', 'Performance air filter', 5, 'single', 10, 218, '2021-11-08');
INSERT INTO Inventory VALUES ('AZ007', 69268557, 'Air filter', 'Performance air filter', 5, 'single', 10, 977, '2021-07-13');
INSERT INTO Inventory VALUES ('AZ007', 23817778, 'Air filter', 'Performance air filter', 5, 'single', 10, 878, '2021-04-29');
INSERT INTO Inventory VALUES ('AZ007', 83327797, 'Air filter', 'Performance air filter', 5, 'single', 10, 405, '2021-02-27');
INSERT INTO Inventory VALUES ('AZ007', 18581795, 'Air filter', 'Performance air filter', 5, 'single', 10, 828, '2021-10-21');
INSERT INTO Inventory VALUES ('AZ007', 10390898, 'Air filter', 'Performance air filter', 5, 'single', 10, 104, '2021-06-27');
INSERT INTO Inventory VALUES ('AZ007', 76165756, 'Air filter', 'Performance air filter', 5, 'single', 10, 381, '2021-04-28');
INSERT INTO Inventory VALUES ('AZ007', 12588734, 'Air filter', 'Performance air filter', 5, 'single', 10, 624, '2021-09-30');
INSERT INTO Inventory VALUES ('AZ007', 64421538, 'Air filter', 'Performance air filter', 5, 'single', 10, 715, '2021-10-16');
INSERT INTO Inventory VALUES ('AZ007', 89451333, 'Air filter', 'Performance air filter', 5, 'single', 10, 175, '2021-12-03');
INSERT INTO Inventory VALUES ('AZ007', 33802552, 'Air filter', 'Performance air filter', 5, 'single', 10, 220, '2021-01-23');
INSERT INTO Inventory VALUES ('AZ007', 64688774, 'Air filter', 'Performance air filter', 5, 'single', 10, 640, '2021-07-08');
INSERT INTO Inventory VALUES ('AZ007', 96736604, 'Air filter', 'Performance air filter', 5, 'single', 10, 674, '2021-10-12');
INSERT INTO Inventory VALUES ('AZ007', 40191504, 'Air filter', 'Performance air filter', 5, 'single', 10, 543, '2021-10-01');
INSERT INTO Inventory VALUES ('AZ007', 57724194, 'Air filter', 'Performance air filter', 5, 'single', 10, 683, '2021-04-12');
INSERT INTO Inventory VALUES ('AZ007', 63312648, 'Air filter', 'Performance air filter', 5, 'single', 10, 712, '2021-10-22');
INSERT INTO Inventory VALUES ('AZ007', 33844415, 'Air filter', 'Performance air filter', 5, 'single', 10, 539, '2021-04-25');
INSERT INTO Inventory VALUES ('AZ007', 24446167, 'Air filter', 'Performance air filter', 5, 'single', 10, 886, '2021-08-21');
INSERT INTO Inventory VALUES ('AZ007', 29880359, 'Air filter', 'Performance air filter', 5, 'single', 10, 186, '2021-06-14');
INSERT INTO Inventory VALUES ('AZ007', 50470560, 'Air filter', 'Performance air filter', 5, 'single', 10, 599, '2021-11-07');
INSERT INTO Inventory VALUES ('AZ007', 62588607, 'Air filter', 'Performance air filter', 5, 'single', 10, 841, '2021-07-02');
INSERT INTO Inventory VALUES ('AZ007', 12895221, 'Air filter', 'Performance air filter', 5, 'single', 10, 794, '2021-04-08');
INSERT INTO Inventory VALUES ('AZ007', 70517396, 'Air filter', 'Performance air filter', 5, 'single', 10, 601, '2021-04-14');
INSERT INTO Inventory VALUES ('AZ007', 15313144, 'Air filter', 'Performance air filter', 5, 'single', 10, 147, '2021-02-06');
INSERT INTO Inventory VALUES ('AZ007', 48055567, 'Air filter', 'Performance air filter', 5, 'single', 10, 49, '2021-08-25');
INSERT INTO Inventory VALUES ('AZ007', 17120169, 'Air filter', 'Performance air filter', 5, 'single', 10, 136, '2021-01-12');
INSERT INTO Inventory VALUES ('AZ007', 83241184, 'Air filter', 'Performance air filter', 5, 'single', 10, 776, '2021-09-03');
INSERT INTO Inventory VALUES ('AZ007', 90847609, 'Air filter', 'Performance air filter', 5, 'single', 10, 316, '2021-08-01');
INSERT INTO Inventory VALUES ('AZ007', 46979542, 'Air filter', 'Performance air filter', 5, 'single', 10, 667, '2021-10-26');
INSERT INTO Inventory VALUES ('AZ007', 97267708, 'Air filter', 'Performance air filter', 5, 'single', 10, 562, '2021-11-12');
INSERT INTO Inventory VALUES ('AZ007', 99712727, 'Air filter', 'Performance air filter', 5, 'single', 10, 450, '2020-12-26');
INSERT INTO Inventory VALUES ('AZ007', 99090517, 'Air filter', 'Performance air filter', 5, 'single', 10, 529, '2021-10-24');
INSERT INTO Inventory VALUES ('AZ007', 19038928, 'Air filter', 'Performance air filter', 5, 'single', 10, 798, '2021-04-19');
INSERT INTO Inventory VALUES ('AZ007', 83120194, 'Air filter', 'Performance air filter', 5, 'single', 10, 818, '2021-03-16');
INSERT INTO Inventory VALUES ('AZ007', 36046199, 'Air filter', 'Performance air filter', 5, 'single', 10, 814, '2021-07-04');
INSERT INTO Inventory VALUES ('AZ007', 96159427, 'Air filter', 'Performance air filter', 5, 'single', 10, 113, '2021-07-29');
INSERT INTO Inventory VALUES ('AZ007', 73100744, 'Air filter', 'Performance air filter', 5, 'single', 10, 714, '2021-11-14');
INSERT INTO Inventory VALUES ('AZ007', 51982754, 'Air filter', 'Performance air filter', 5, 'single', 10, 25, '2021-10-16');
INSERT INTO Inventory VALUES ('AZ007', 88383054, 'Air filter', 'Performance air filter', 5, 'single', 10, 384, '2021-08-04');
INSERT INTO Inventory VALUES ('AZ007', 50833065, 'Air filter', 'Performance air filter', 5, 'single', 10, 76, '2021-04-13');

-- Sales

INSERT INTO Sales VALUES (10000001, '2010-11-12', 'AZ003', 48055567, 54, 17.05, 'Thanks for shopping with AcarZone');
INSERT INTO Sales VALUES (10000002, '2016-11-07', 'AZ003', 71774227, 44, 23.74, 'Thanks for shopping with AcarZone');
INSERT INTO Sales VALUES (10000003, '2015-08-23', 'AZ001', 40191504, 5, 245.61, 'Thanks for shopping with AcarZone');
INSERT INTO Sales VALUES (10000004, '2005-03-22', 'AZ001', 77890321, 59, 207.99, 'Thanks for shopping with AcarZone');
INSERT INTO Sales VALUES (10000005, '2005-04-11', 'AZ005', 83241184, 27, 28.69, 'Thanks for shopping with AcarZone');
INSERT INTO Sales VALUES (10000006, '2010-02-22', 'AZ003', 19038928, 41, 25.01, 'Thanks for shopping with AcarZone');
INSERT INTO Sales VALUES (10000007, '2011-03-12', 'AZ005', 70517396, 93, 19.45, 'Thanks for shopping with AcarZone');
INSERT INTO Sales VALUES (10000008, '2014-08-28', 'AZ002', 57724194, 20, 11.33, 'Thanks for shopping with AcarZone');
INSERT INTO Sales VALUES (10000009, '2008-05-07', 'AZ004', 19038928, 70, 1.5, 'Thanks for shopping with AcarZone');
INSERT INTO Sales VALUES (10000010, '2016-12-04', 'AZ006', 29880359, 43, 0.47, 'Thanks for shopping with AcarZone');
INSERT INTO Sales VALUES (10000011, '2014-09-12', 'AZ001', 33844415, 98, 299.19, 'Thanks for shopping with AcarZone');
INSERT INTO Sales VALUES (10000012, '2003-12-10', 'AZ003', 97267708, 66, 15.66, 'Thanks for shopping with AcarZone');
INSERT INTO Sales VALUES (10000013, '2017-07-16', 'AZ001', 24446167, 69, 245.22, 'Thanks for shopping with AcarZone');
INSERT INTO Sales VALUES (10000014, '2020-08-06', 'AZ003', 40708855, 72, 19.3, 'Thanks for shopping with AcarZone');
INSERT INTO Sales VALUES (10000015, '2020-03-13', 'AZ006', 99090517, 62, 0.43, 'Thanks for shopping with AcarZone');
INSERT INTO Sales VALUES (10000016, '2004-07-05', 'AZ007', 56939389, 14, 27.23, 'Thanks for shopping with AcarZone');
INSERT INTO Sales VALUES (10000017, '2015-08-10', 'AZ006', 50470560, 92, 0.74, 'Thanks for shopping with AcarZone');
INSERT INTO Sales VALUES (10000018, '2005-11-12', 'AZ005', 97267708, 88, 25.35, 'Thanks for shopping with AcarZone');
INSERT INTO Sales VALUES (10000019, '2015-10-08', 'AZ007', 24929418, 64, 16.61, 'Thanks for shopping with AcarZone');
INSERT INTO Sales VALUES (10000020, '2020-10-18', 'AZ003', 56939389, 59, 19.6, 'Thanks for shopping with AcarZone');
INSERT INTO Sales VALUES (10000021, '2013-01-11', 'AZ003', 77890321, 70, 14.95, 'Thanks for shopping with AcarZone');
INSERT INTO Sales VALUES (10000022, '2004-01-01', 'AZ006', 18581795, 83, 0.63, 'Thanks for shopping with AcarZone');
INSERT INTO Sales VALUES (10000023, '2004-01-23', 'AZ003', 18581795, 49, 25.2, 'Thanks for shopping with AcarZone');
INSERT INTO Sales VALUES (10000024, '2014-04-15', 'AZ004', 46979542, 75, 0.81, 'Thanks for shopping with AcarZone');
INSERT INTO Sales VALUES (10000025, '2001-09-15', 'AZ005', 73100744, 79, 18.76, 'Thanks for shopping with AcarZone');
INSERT INTO Sales VALUES (10000026, '2019-07-27', 'AZ007', 57724194, 79, 28.91, 'Thanks for shopping with AcarZone');
INSERT INTO Sales VALUES (10000027, '2011-07-03', 'AZ005', 76165756, 48, 27.95, 'Thanks for shopping with AcarZone');
INSERT INTO Sales VALUES (10000028, '2004-10-07', 'AZ001', 31592623, 64, 268.12, 'Thanks for shopping with AcarZone');
INSERT INTO Sales VALUES (10000029, '2020-10-16', 'AZ007', 33844415, 37, 18.38, 'Thanks for shopping with AcarZone');
INSERT INTO Sales VALUES (10000030, '2015-08-21', 'AZ007', 23817778, 84, 20.57, 'Thanks for shopping with AcarZone');
INSERT INTO Sales VALUES (10000031, '2010-07-21', 'AZ007', 69268557, 16, 16.65, 'Thanks for shopping with AcarZone');
INSERT INTO Sales VALUES (10000032, '2016-10-19', 'AZ006', 71774227, 3, 0.45, 'Thanks for shopping with AcarZone');
INSERT INTO Sales VALUES (10000033, '2001-05-15', 'AZ002', 97267708, 95, 7.75, 'Thanks for shopping with AcarZone');
INSERT INTO Sales VALUES (10000034, '2001-04-08', 'AZ005', 87302334, 91, 19.23, 'Thanks for shopping with AcarZone');
INSERT INTO Sales VALUES (10000035, '2008-03-11', 'AZ004', 73100744, 44, 0.92, 'Thanks for shopping with AcarZone');
INSERT INTO Sales VALUES (10000036, '2008-12-24', 'AZ006', 10390898, 19, 0.38, 'Thanks for shopping with AcarZone');
INSERT INTO Sales VALUES (10000037, '2013-06-19', 'AZ004', 89451333, 79, 1.46, 'Thanks for shopping with AcarZone');
INSERT INTO Sales VALUES (10000038, '2006-03-23', 'AZ002', 87302334, 79, 8.16, 'Thanks for shopping with AcarZone');
INSERT INTO Sales VALUES (10000039, '2016-07-12', 'AZ002', 64688774, 87, 11.29, 'Thanks for shopping with AcarZone');
INSERT INTO Sales VALUES (10000040, '2017-11-08', 'AZ003', 96159427, 19, 21.81, 'Thanks for shopping with AcarZone');
INSERT INTO Sales VALUES (10000041, '2017-03-29', 'AZ007', 10390898, 6, 23.78, 'Thanks for shopping with AcarZone');
INSERT INTO Sales VALUES (10000042, '2011-11-23', 'AZ003', 62588607, 18, 14.48, 'Thanks for shopping with AcarZone');
INSERT INTO Sales VALUES (10000043, '2003-06-09', 'AZ006', 62588607, 60, 0.44, 'Thanks for shopping with AcarZone');
INSERT INTO Sales VALUES (10000044, '2020-05-11', 'AZ001', 48055567, 43, 203.66, 'Thanks for shopping with AcarZone');
INSERT INTO Sales VALUES (10000045, '2003-03-13', 'AZ006', 76165756, 91, 0.54, 'Thanks for shopping with AcarZone');
INSERT INTO Sales VALUES (10000046, '2015-01-05', 'AZ004', 22548624, 55, 1.45, 'Thanks for shopping with AcarZone');
INSERT INTO Sales VALUES (10000047, '2000-12-08', 'AZ003', 87302334, 58, 22.48, 'Thanks for shopping with AcarZone');
INSERT INTO Sales VALUES (10000048, '2019-04-06', 'AZ007', 12588734, 1, 29.5, 'Thanks for shopping with AcarZone');
INSERT INTO Sales VALUES (10000049, '2009-01-07', 'AZ001', 63312648, 78, 150.05, 'Thanks for shopping with AcarZone');
INSERT INTO Sales VALUES (10000050, '2014-03-26', 'AZ004', 22548624, 40, 0.91, 'Thanks for shopping with AcarZone');
INSERT INTO Sales VALUES (10000051, '2013-12-19', 'AZ003', 56939389, 44, 18.54, 'Thanks for shopping with AcarZone');
INSERT INTO Sales VALUES (10000052, '2001-10-02', 'AZ007', 63312648, 78, 19.43, 'Thanks for shopping with AcarZone');
INSERT INTO Sales VALUES (10000053, '2015-02-27', 'AZ004', 50833065, 84, 0.87, 'Thanks for shopping with AcarZone');
INSERT INTO Sales VALUES (10000054, '2015-01-29', 'AZ003', 73100744, 82, 16.4, 'Thanks for shopping with AcarZone');
INSERT INTO Sales VALUES (10000055, '2008-06-24', 'AZ001', 50833065, 55, 208.9, 'Thanks for shopping with AcarZone');
INSERT INTO Sales VALUES (10000056, '2017-01-31', 'AZ005', 48055567, 52, 25.62, 'Thanks for shopping with AcarZone');
INSERT INTO Sales VALUES (10000057, '2013-11-29', 'AZ007', 12895221, 47, 25.54, 'Thanks for shopping with AcarZone');
INSERT INTO Sales VALUES (10000058, '2012-01-17', 'AZ003', 18581795, 22, 19.41, 'Thanks for shopping with AcarZone');
INSERT INTO Sales VALUES (10000059, '2007-08-12', 'AZ002', 90847609, 97, 10.45, 'Thanks for shopping with AcarZone');
INSERT INTO Sales VALUES (10000060, '2016-08-11', 'AZ003', 51982754, 69, 13.77, 'Thanks for shopping with AcarZone');
INSERT INTO Sales VALUES (10000061, '2006-05-08', 'AZ005', 36046199, 56, 19.96, 'Thanks for shopping with AcarZone');
INSERT INTO Sales VALUES (10000062, '2001-08-20', 'AZ001', 36046199, 64, 280.53, 'Thanks for shopping with AcarZone');
INSERT INTO Sales VALUES (10000063, '2014-12-10', 'AZ005', 50470560, 7, 18.83, 'Thanks for shopping with AcarZone');
INSERT INTO Sales VALUES (10000064, '2014-01-29', 'AZ001', 57724194, 72, 257.34, 'Thanks for shopping with AcarZone');
INSERT INTO Sales VALUES (10000065, '2004-11-22', 'AZ002', 97267708, 10, 9.33, 'Thanks for shopping with AcarZone');
INSERT INTO Sales VALUES (10000066, '2004-01-13', 'AZ004', 57724194, 70, 0.8, 'Thanks for shopping with AcarZone');
INSERT INTO Sales VALUES (10000067, '2016-05-29', 'AZ001', 69268557, 42, 162.37, 'Thanks for shopping with AcarZone');
INSERT INTO Sales VALUES (10000068, '2007-08-20', 'AZ004', 90847609, 21, 0.86, 'Thanks for shopping with AcarZone');
INSERT INTO Sales VALUES (10000069, '2000-12-05', 'AZ002', 77890321, 78, 8.6, 'Thanks for shopping with AcarZone');
INSERT INTO Sales VALUES (10000070, '2018-07-13', 'AZ004', 73100744, 79, 0.87, 'Thanks for shopping with AcarZone');
INSERT INTO Sales VALUES (10000071, '2004-04-28', 'AZ002', 99712727, 69, 8.29, 'Thanks for shopping with AcarZone');
INSERT INTO Sales VALUES (10000072, '2008-11-17', 'AZ004', 50833065, 69, 0.93, 'Thanks for shopping with AcarZone');
INSERT INTO Sales VALUES (10000073, '2006-08-05', 'AZ002', 64688774, 42, 10.06, 'Thanks for shopping with AcarZone');
INSERT INTO Sales VALUES (10000074, '2008-10-28', 'AZ004', 76165756, 46, 1.0, 'Thanks for shopping with AcarZone');
INSERT INTO Sales VALUES (10000075, '2001-09-18', 'AZ007', 12895221, 10, 20.84, 'Thanks for shopping with AcarZone');
INSERT INTO Sales VALUES (10000076, '2008-04-23', 'AZ003', 51982754, 39, 15.59, 'Thanks for shopping with AcarZone');
INSERT INTO Sales VALUES (10000077, '2005-03-10', 'AZ004', 17120169, 87, 0.94, 'Thanks for shopping with AcarZone');
INSERT INTO Sales VALUES (10000078, '2017-12-31', 'AZ004', 57724194, 56, 0.79, 'Thanks for shopping with AcarZone');
INSERT INTO Sales VALUES (10000079, '2019-10-09', 'AZ002', 64688774, 82, 8.91, 'Thanks for shopping with AcarZone');
INSERT INTO Sales VALUES (10000080, '2013-02-25', 'AZ006', 62588607, 93, 0.74, 'Thanks for shopping with AcarZone');
INSERT INTO Sales VALUES (10000081, '2017-09-27', 'AZ007', 62588607, 87, 23.09, 'Thanks for shopping with AcarZone');
INSERT INTO Sales VALUES (10000082, '2006-02-20', 'AZ005', 18581795, 16, 20.88, 'Thanks for shopping with AcarZone');
INSERT INTO Sales VALUES (10000083, '2013-09-02', 'AZ005', 10390898, 94, 20.33, 'Thanks for shopping with AcarZone');
INSERT INTO Sales VALUES (10000084, '2012-09-05', 'AZ007', 23817778, 35, 25.6, 'Thanks for shopping with AcarZone');
INSERT INTO Sales VALUES (10000085, '2014-05-11', 'AZ002', 97267708, 88, 6.58, 'Thanks for shopping with AcarZone');
INSERT INTO Sales VALUES (10000086, '2018-12-31', 'AZ003', 33844415, 80, 25.24, 'Thanks for shopping with AcarZone');
INSERT INTO Sales VALUES (10000087, '2020-10-23', 'AZ005', 90847609, 78, 24.03, 'Thanks for shopping with AcarZone');
INSERT INTO Sales VALUES (10000088, '2016-03-16', 'AZ003', 71774227, 54, 26.95, 'Thanks for shopping with AcarZone');
INSERT INTO Sales VALUES (10000089, '2003-09-11', 'AZ004', 23817778, 1, 1.09, 'Thanks for shopping with AcarZone');
INSERT INTO Sales VALUES (10000090, '2011-10-10', 'AZ004', 50833065, 92, 1.46, 'Thanks for shopping with AcarZone');
INSERT INTO Sales VALUES (10000091, '2020-03-31', 'AZ004', 87302334, 55, 0.92, 'Thanks for shopping with AcarZone');
INSERT INTO Sales VALUES (10000092, '2014-07-24', 'AZ004', 70517396, 45, 1.38, 'Thanks for shopping with AcarZone');
INSERT INTO Sales VALUES (10000093, '2012-10-02', 'AZ003', 12895221, 63, 19.19, 'Thanks for shopping with AcarZone');
INSERT INTO Sales VALUES (10000094, '2008-08-28', 'AZ003', 48055567, 29, 22.59, 'Thanks for shopping with AcarZone');
INSERT INTO Sales VALUES (10000095, '2001-05-07', 'AZ001', 50833065, 63, 155.45, 'Thanks for shopping with AcarZone');
INSERT INTO Sales VALUES (10000096, '2014-06-25', 'AZ004', 23817778, 95, 1.12, 'Thanks for shopping with AcarZone');
INSERT INTO Sales VALUES (10000097, '2007-09-17', 'AZ004', 48055567, 84, 0.97, 'Thanks for shopping with AcarZone');
INSERT INTO Sales VALUES (10000098, '2009-12-22', 'AZ003', 82738160, 9, 23.89, 'Thanks for shopping with AcarZone');
INSERT INTO Sales VALUES (10000099, '2003-07-06', 'AZ006', 64688774, 100, 0.61, 'Thanks for shopping with AcarZone');
INSERT INTO Sales VALUES (10000100, '2012-08-20', 'AZ004', 48055567, 35, 0.84, 'Thanks for shopping with AcarZone');

-- Purchase

INSERT INTO Purchase VALUES (99000001, '2001-11-17', 'AZ005', 70517396, 23, 10.93, 'Restocked inventory');
INSERT INTO Purchase VALUES (99000002, '2015-02-07', 'AZ007', 96159427, 8, 11.4, 'Restocked inventory');
INSERT INTO Purchase VALUES (99000003, '2007-06-05', 'AZ002', 15313144, 93, 3.42, 'Restocked inventory');
INSERT INTO Purchase VALUES (99000004, '2009-07-02', 'AZ004', 12895221, 31, 0.59, 'Restocked inventory');
INSERT INTO Purchase VALUES (99000005, '2006-06-01', 'AZ003', 33844415, 5, 10.63, 'Restocked inventory');
INSERT INTO Purchase VALUES (99000006, '2015-10-15', 'AZ004', 29880359, 52, 0.56, 'Restocked inventory');
INSERT INTO Purchase VALUES (99000007, '2003-11-08', 'AZ002', 36046199, 30, 3.27, 'Restocked inventory');
INSERT INTO Purchase VALUES (99000008, '2018-07-20', 'AZ002', 12588734, 26, 3.58, 'Restocked inventory');
INSERT INTO Purchase VALUES (99000009, '2002-03-01', 'AZ004', 19038928, 99, 0.53, 'Restocked inventory');
INSERT INTO Purchase VALUES (99000010, '2020-09-23', 'AZ001', 80893196, 64, 80.63, 'Restocked inventory');
INSERT INTO Purchase VALUES (99000011, '2014-10-30', 'AZ003', 12588734, 28, 10.32, 'Restocked inventory');
INSERT INTO Purchase VALUES (99000012, '2002-10-16', 'AZ006', 36046199, 37, 0.21, 'Restocked inventory');
INSERT INTO Purchase VALUES (99000013, '2010-06-18', 'AZ002', 63312648, 66, 3.99, 'Restocked inventory');
INSERT INTO Purchase VALUES (99000014, '2004-06-01', 'AZ003', 40191504, 19, 8.59, 'Restocked inventory');
INSERT INTO Purchase VALUES (99000015, '2018-03-28', 'AZ001', 64688774, 56, 96.68, 'Restocked inventory');
INSERT INTO Purchase VALUES (99000016, '2006-09-12', 'AZ002', 99090517, 12, 4.64, 'Restocked inventory');
INSERT INTO Purchase VALUES (99000017, '2006-01-25', 'AZ007', 12588734, 11, 10.37, 'Restocked inventory');
INSERT INTO Purchase VALUES (99000018, '2018-03-14', 'AZ006', 12588734, 42, 0.27, 'Restocked inventory');
INSERT INTO Purchase VALUES (99000019, '2002-07-27', 'AZ001', 18581795, 8, 89.58, 'Restocked inventory');
INSERT INTO Purchase VALUES (99000020, '2008-04-29', 'AZ002', 73100744, 83, 4.68, 'Restocked inventory');
INSERT INTO Purchase VALUES (99000021, '2015-06-28', 'AZ007', 73100744, 66, 8.25, 'Restocked inventory');
INSERT INTO Purchase VALUES (99000022, '2020-08-20', 'AZ004', 24929418, 5, 0.54, 'Restocked inventory');
INSERT INTO Purchase VALUES (99000023, '2020-01-24', 'AZ001', 57724194, 62, 88.16, 'Restocked inventory');
INSERT INTO Purchase VALUES (99000024, '2014-04-03', 'AZ005', 96736604, 86, 10.59, 'Restocked inventory');
INSERT INTO Purchase VALUES (99000025, '2020-08-07', 'AZ004', 31592623, 96, 0.47, 'Restocked inventory');
INSERT INTO Purchase VALUES (99000026, '2003-09-09', 'AZ001', 89451333, 41, 83.54, 'Restocked inventory');
INSERT INTO Purchase VALUES (99000027, '2020-10-23', 'AZ001', 29880359, 59, 89.59, 'Restocked inventory');
INSERT INTO Purchase VALUES (99000028, '2018-03-18', 'AZ005', 73100744, 51, 10.68, 'Restocked inventory');
INSERT INTO Purchase VALUES (99000029, '2018-08-04', 'AZ007', 18581795, 61, 10.46, 'Restocked inventory');
INSERT INTO Purchase VALUES (99000030, '2007-12-09', 'AZ005', 89451333, 29, 11.91, 'Restocked inventory');
INSERT INTO Purchase VALUES (99000031, '2012-08-20', 'AZ001', 24446167, 39, 92.44, 'Restocked inventory');
INSERT INTO Purchase VALUES (99000032, '2016-11-03', 'AZ007', 19038928, 8, 10.06, 'Restocked inventory');
INSERT INTO Purchase VALUES (99000033, '2001-04-29', 'AZ006', 70517396, 73, 0.25, 'Restocked inventory');
INSERT INTO Purchase VALUES (99000034, '2010-02-20', 'AZ005', 36046199, 95, 9.85, 'Restocked inventory');
INSERT INTO Purchase VALUES (99000035, '2019-11-23', 'AZ004', 83241184, 55, 0.49, 'Restocked inventory');
INSERT INTO Purchase VALUES (99000036, '2014-11-18', 'AZ007', 83241184, 2, 9.13, 'Restocked inventory');
INSERT INTO Purchase VALUES (99000037, '2016-05-19', 'AZ007', 36046199, 60, 10.79, 'Restocked inventory');
INSERT INTO Purchase VALUES (99000038, '2007-09-12', 'AZ003', 90847609, 92, 9.27, 'Restocked inventory');
INSERT INTO Purchase VALUES (99000039, '2014-10-28', 'AZ006', 89451333, 87, 0.26, 'Restocked inventory');
INSERT INTO Purchase VALUES (99000040, '2019-11-27', 'AZ001', 50833065, 59, 82.76, 'Restocked inventory');
INSERT INTO Purchase VALUES (99000041, '2011-08-31', 'AZ007', 64421538, 22, 11.23, 'Restocked inventory');
INSERT INTO Purchase VALUES (99000042, '2014-03-16', 'AZ001', 10390898, 46, 98.72, 'Restocked inventory');
INSERT INTO Purchase VALUES (99000043, '2019-11-03', 'AZ003', 77890321, 78, 10.03, 'Restocked inventory');
INSERT INTO Purchase VALUES (99000044, '2008-08-07', 'AZ001', 87302334, 2, 89.65, 'Restocked inventory');
INSERT INTO Purchase VALUES (99000045, '2012-11-24', 'AZ001', 62588607, 16, 101.39, 'Restocked inventory');
INSERT INTO Purchase VALUES (99000046, '2020-04-20', 'AZ003', 19038928, 47, 8.1, 'Restocked inventory');
INSERT INTO Purchase VALUES (99000047, '2006-09-01', 'AZ005', 29880359, 33, 8.37, 'Restocked inventory');
INSERT INTO Purchase VALUES (99000048, '2003-03-08', 'AZ006', 10390898, 83, 0.26, 'Restocked inventory');
INSERT INTO Purchase VALUES (99000049, '2007-08-18', 'AZ006', 71774227, 47, 0.22, 'Restocked inventory');
INSERT INTO Purchase VALUES (99000050, '2004-04-15', 'AZ002', 48670460, 57, 4.43, 'Restocked inventory');
INSERT INTO Purchase VALUES (99000051, '2002-02-10', 'AZ001', 88383054, 76, 108.6, 'Restocked inventory');
INSERT INTO Purchase VALUES (99000052, '2008-08-08', 'AZ006', 69268557, 27, 0.29, 'Restocked inventory');
INSERT INTO Purchase VALUES (99000053, '2002-05-28', 'AZ007', 15313144, 82, 10.71, 'Restocked inventory');
INSERT INTO Purchase VALUES (99000054, '2019-07-09', 'AZ001', 23817778, 70, 107.59, 'Restocked inventory');
INSERT INTO Purchase VALUES (99000055, '2011-10-03', 'AZ005', 63312648, 26, 9.22, 'Restocked inventory');
INSERT INTO Purchase VALUES (99000056, '2011-03-13', 'AZ004', 33844415, 49, 0.45, 'Restocked inventory');
INSERT INTO Purchase VALUES (99000057, '2003-11-14', 'AZ006', 12588734, 63, 0.22, 'Restocked inventory');
INSERT INTO Purchase VALUES (99000058, '2009-11-30', 'AZ007', 15313144, 13, 9.7, 'Restocked inventory');
INSERT INTO Purchase VALUES (99000059, '2006-09-13', 'AZ002', 83327797, 21, 4.32, 'Restocked inventory');
INSERT INTO Purchase VALUES (99000060, '2006-03-06', 'AZ006', 23817778, 76, 0.23, 'Restocked inventory');
INSERT INTO Purchase VALUES (99000061, '2013-02-06', 'AZ004', 23817778, 90, 0.41, 'Restocked inventory');
INSERT INTO Purchase VALUES (99000062, '2013-06-06', 'AZ001', 87302334, 48, 110.38, 'Restocked inventory');
INSERT INTO Purchase VALUES (99000063, '2003-01-11', 'AZ002', 97267708, 96, 4.66, 'Restocked inventory');
INSERT INTO Purchase VALUES (99000064, '2010-09-13', 'AZ006', 97267708, 94, 0.26, 'Restocked inventory');
INSERT INTO Purchase VALUES (99000065, '2011-04-07', 'AZ002', 48055567, 71, 4.54, 'Restocked inventory');
INSERT INTO Purchase VALUES (99000066, '2015-02-05', 'AZ006', 96736604, 97, 0.3, 'Restocked inventory');
INSERT INTO Purchase VALUES (99000067, '2020-03-11', 'AZ007', 23817778, 71, 11.44, 'Restocked inventory');
INSERT INTO Purchase VALUES (99000068, '2003-05-12', 'AZ006', 48055567, 32, 0.28, 'Restocked inventory');
INSERT INTO Purchase VALUES (99000069, '2002-09-02', 'AZ001', 29880359, 82, 104.92, 'Restocked inventory');
INSERT INTO Purchase VALUES (99000070, '2017-05-15', 'AZ001', 90847609, 35, 97.86, 'Restocked inventory');
INSERT INTO Purchase VALUES (99000071, '2011-01-13', 'AZ007', 83241184, 23, 10.66, 'Restocked inventory');
INSERT INTO Purchase VALUES (99000072, '2004-03-15', 'AZ006', 70517396, 41, 0.21, 'Restocked inventory');
INSERT INTO Purchase VALUES (99000073, '2016-10-18', 'AZ007', 64421538, 78, 11.54, 'Restocked inventory');
INSERT INTO Purchase VALUES (99000074, '2004-01-04', 'AZ001', 40708855, 44, 97.93, 'Restocked inventory');
INSERT INTO Purchase VALUES (99000075, '2003-10-07', 'AZ007', 18581795, 58, 9.3, 'Restocked inventory');
INSERT INTO Purchase VALUES (99000076, '2004-08-31', 'AZ005', 82738160, 85, 8.65, 'Restocked inventory');
INSERT INTO Purchase VALUES (99000077, '2013-08-09', 'AZ004', 96159427, 94, 0.56, 'Restocked inventory');
INSERT INTO Purchase VALUES (99000078, '2016-04-29', 'AZ007', 51982754, 85, 9.62, 'Restocked inventory');
INSERT INTO Purchase VALUES (99000079, '2016-06-11', 'AZ006', 31592623, 53, 0.27, 'Restocked inventory');
INSERT INTO Purchase VALUES (99000080, '2020-09-28', 'AZ005', 18581795, 66, 8.6, 'Restocked inventory');
INSERT INTO Purchase VALUES (99000081, '2012-05-23', 'AZ001', 15313144, 73, 84.62, 'Restocked inventory');
INSERT INTO Purchase VALUES (99000082, '2011-08-05', 'AZ005', 56939389, 73, 9.01, 'Restocked inventory');
INSERT INTO Purchase VALUES (99000083, '2002-08-21', 'AZ005', 80893196, 4, 10.75, 'Restocked inventory');
INSERT INTO Purchase VALUES (99000084, '2017-05-24', 'AZ005', 73100744, 19, 10.6, 'Restocked inventory');
INSERT INTO Purchase VALUES (99000085, '2010-06-16', 'AZ003', 23817778, 21, 9.1, 'Restocked inventory');
INSERT INTO Purchase VALUES (99000086, '2004-10-15', 'AZ004', 15313144, 37, 0.53, 'Restocked inventory');
INSERT INTO Purchase VALUES (99000087, '2002-09-16', 'AZ001', 76165756, 99, 101.07, 'Restocked inventory');
INSERT INTO Purchase VALUES (99000088, '2003-05-17', 'AZ007', 22548624, 32, 9.76, 'Restocked inventory');
INSERT INTO Purchase VALUES (99000089, '2012-01-23', 'AZ002', 82738160, 12, 3.88, 'Restocked inventory');
INSERT INTO Purchase VALUES (99000090, '2012-12-28', 'AZ007', 96159427, 8, 8.42, 'Restocked inventory');
INSERT INTO Purchase VALUES (99000091, '2019-06-07', 'AZ004', 33802552, 44, 0.46, 'Restocked inventory');
INSERT INTO Purchase VALUES (99000092, '2009-08-22', 'AZ006', 99712727, 60, 0.25, 'Restocked inventory');
INSERT INTO Purchase VALUES (99000093, '2019-11-23', 'AZ005', 48055567, 13, 9.99, 'Restocked inventory');
INSERT INTO Purchase VALUES (99000094, '2008-11-21', 'AZ007', 64421538, 57, 9.37, 'Restocked inventory');
INSERT INTO Purchase VALUES (99000095, '2004-01-24', 'AZ002', 57724194, 11, 4.06, 'Restocked inventory');
INSERT INTO Purchase VALUES (99000096, '2002-11-07', 'AZ003', 22548624, 71, 9.75, 'Restocked inventory');
INSERT INTO Purchase VALUES (99000097, '2013-02-17', 'AZ002', 48055567, 8, 3.81, 'Restocked inventory');
INSERT INTO Purchase VALUES (99000098, '2007-05-28', 'AZ007', 17120169, 38, 8.71, 'Restocked inventory');
INSERT INTO Purchase VALUES (99000099, '2012-12-12', 'AZ004', 19038928, 87, 0.53, 'Restocked inventory');
INSERT INTO Purchase VALUES (99000100, '2001-09-01', 'AZ002', 83327797, 75, 3.29, 'Restocked inventory');

-- Suppliers

INSERT INTO Supplier VALUES (79714650, 'dooleyinc.com', 'supplies@dooleyinc.com');
INSERT INTO Supplier VALUES (75496334, 'schowalterinc.com', 'supplies@schowalterinc.com');
INSERT INTO Supplier VALUES (87654062, 'kiehnmcglynnandcrist.com', 'supplies@kiehnmcglynnandcrist.com');
INSERT INTO Supplier VALUES (72541566, 'spencernitzscheandwindler.com', 'supplies@spencernitzscheandwindler.com');
INSERT INTO Supplier VALUES (46480624, 'moenboyer.com', 'supplies@moenboyer.com');
INSERT INTO Supplier VALUES (37175448, 'braunswiftandzboncak.com', 'supplies@braunswiftandzboncak.com');
INSERT INTO Supplier VALUES (14697603, 'kuphalllc.com', 'supplies@kuphalllc.com');
INSERT INTO Supplier VALUES (60002861, 'flatleyschmidtandkeebler.com', 'supplies@flatleyschmidtandkeebler.com');
INSERT INTO Supplier VALUES (46751571, 'kubwalter.com', 'supplies@kubwalter.com');
INSERT INTO Supplier VALUES (27392825, 'batzlangoshandokuneva.com', 'supplies@batzlangoshandokuneva.com');
INSERT INTO Supplier VALUES (51671559, 'schaefergroup.com', 'supplies@schaefergroup.com');
INSERT INTO Supplier VALUES (72181951, 'shanahangroup.com', 'supplies@shanahangroup.com');
INSERT INTO Supplier VALUES (46003155, 'keelingllc.com', 'supplies@keelingllc.com');
INSERT INTO Supplier VALUES (38232073, 'kozeyschaden.com', 'supplies@kozeyschaden.com');
INSERT INTO Supplier VALUES (75502057, 'connkuvalisandkozey.com', 'supplies@connkuvalisandkozey.com');
INSERT INTO Supplier VALUES (13602156, 'joneskiehnandmiller.com', 'supplies@joneskiehnandmiller.com');
INSERT INTO Supplier VALUES (21448587, 'fisherlindgrenandsmith.com', 'supplies@fisherlindgrenandsmith.com');
INSERT INTO Supplier VALUES (37050781, 'welchkeeling.com', 'supplies@welchkeeling.com');
INSERT INTO Supplier VALUES (66892107, 'hesselolson.com', 'supplies@hesselolson.com');
INSERT INTO Supplier VALUES (97233566, 'nicolasgroup.com', 'supplies@nicolasgroup.com');
INSERT INTO Supplier VALUES (74326806, 'bodecollier.com', 'supplies@bodecollier.com');
INSERT INTO Supplier VALUES (45425712, 'gutkowskiankunding.com', 'supplies@gutkowskiankunding.com');
INSERT INTO Supplier VALUES (97245935, 'pourosschinner.com', 'supplies@pourosschinner.com');
INSERT INTO Supplier VALUES (81443437, 'daughertyhand.com', 'supplies@daughertyhand.com');
INSERT INTO Supplier VALUES (73909396, 'ziemebahringer.com', 'supplies@ziemebahringer.com');
INSERT INTO Supplier VALUES (49270050, 'corkeryandsons.com', 'supplies@corkeryandsons.com');
INSERT INTO Supplier VALUES (66730671, 'simonisgroup.com', 'supplies@simonisgroup.com');
INSERT INTO Supplier VALUES (35840070, 'monahanlittleandbartoletti.com', 'supplies@monahanlittleandbartoletti.com');
INSERT INTO Supplier VALUES (28565392, 'sipesinc.com', 'supplies@sipesinc.com');
INSERT INTO Supplier VALUES (73634271, 'robertsgroup.com', 'supplies@robertsgroup.com');

-- Accounts payable

INSERT INTO Account_payable VALUES (79714650, 32161.26);
INSERT INTO Account_payable VALUES (75496334, 37308.55);
INSERT INTO Account_payable VALUES (87654062, 40311.99);
INSERT INTO Account_payable VALUES (72541566, 45313.78);
INSERT INTO Account_payable VALUES (46480624, 19485.53);
INSERT INTO Account_payable VALUES (37175448, 77681.07);
INSERT INTO Account_payable VALUES (14697603, 82780.89);
INSERT INTO Account_payable VALUES (60002861, 61342.11);
INSERT INTO Account_payable VALUES (46751571, 93770.43);
INSERT INTO Account_payable VALUES (27392825, 2441.51);
INSERT INTO Account_payable VALUES (51671559, 84332.09);
INSERT INTO Account_payable VALUES (72181951, 38360.72);
INSERT INTO Account_payable VALUES (46003155, 19954.14);
INSERT INTO Account_payable VALUES (38232073, 66707.59);
INSERT INTO Account_payable VALUES (75502057, 30763.97);
INSERT INTO Account_payable VALUES (13602156, 59333.26);
INSERT INTO Account_payable VALUES (21448587, 62570.31);
INSERT INTO Account_payable VALUES (37050781, 60959.22);
INSERT INTO Account_payable VALUES (66892107, 30241.2);
INSERT INTO Account_payable VALUES (97233566, 73342.85);
INSERT INTO Account_payable VALUES (74326806, 91938.81);
INSERT INTO Account_payable VALUES (45425712, 41100.84);
INSERT INTO Account_payable VALUES (97245935, 74956.8);
INSERT INTO Account_payable VALUES (81443437, 50054.83);
INSERT INTO Account_payable VALUES (73909396, 52253.68);
INSERT INTO Account_payable VALUES (49270050, 52920.77);
INSERT INTO Account_payable VALUES (66730671, 86038.21);
INSERT INTO Account_payable VALUES (35840070, 48372.05);
INSERT INTO Account_payable VALUES (28565392, 11744.16);
INSERT INTO Account_payable VALUES (73634271, 97894.19);

-- PurchasePaymentRecord

INSERT INTO PurchasePaymentRecord VALUES (60002861, 99000001, '2001-11-17', 23, 'debit');
INSERT INTO PurchasePaymentRecord VALUES (97233566, 99000002, '2015-02-07', 8, 'credit');
INSERT INTO PurchasePaymentRecord VALUES (14697603, 99000003, '2007-06-05', 93, 'debit');
INSERT INTO PurchasePaymentRecord VALUES (46751571, 99000004, '2009-07-02', 31, 'debit');
INSERT INTO PurchasePaymentRecord VALUES (49270050, 99000005, '2006-06-01', 5, 'debit');
INSERT INTO PurchasePaymentRecord VALUES (60002861, 99000006, '2015-10-15', 52, 'debit');
INSERT INTO PurchasePaymentRecord VALUES (46480624, 99000007, '2003-11-08', 30, 'credit');
INSERT INTO PurchasePaymentRecord VALUES (35840070, 99000008, '2018-07-20', 26, 'credit');
INSERT INTO PurchasePaymentRecord VALUES (27392825, 99000009, '2002-03-01', 99, 'debit');
INSERT INTO PurchasePaymentRecord VALUES (60002861, 99000010, '2020-09-23', 64, 'debit');
INSERT INTO PurchasePaymentRecord VALUES (74326806, 99000011, '2014-10-30', 28, 'debit');
INSERT INTO PurchasePaymentRecord VALUES (27392825, 99000012, '2002-10-16', 37, 'credit');
INSERT INTO PurchasePaymentRecord VALUES (49270050, 99000013, '2010-06-18', 66, 'debit');
INSERT INTO PurchasePaymentRecord VALUES (73634271, 99000014, '2004-06-01', 19, 'debit');
INSERT INTO PurchasePaymentRecord VALUES (45425712, 99000015, '2018-03-28', 56, 'credit');
INSERT INTO PurchasePaymentRecord VALUES (46480624, 99000016, '2006-09-12', 12, 'debit');
INSERT INTO PurchasePaymentRecord VALUES (38232073, 99000017, '2006-01-25', 11, 'credit');
INSERT INTO PurchasePaymentRecord VALUES (81443437, 99000018, '2018-03-14', 42, 'debit');
INSERT INTO PurchasePaymentRecord VALUES (81443437, 99000019, '2002-07-27', 8, 'debit');
INSERT INTO PurchasePaymentRecord VALUES (45425712, 99000020, '2008-04-29', 83, 'credit');
INSERT INTO PurchasePaymentRecord VALUES (45425712, 99000021, '2015-06-28', 66, 'credit');
INSERT INTO PurchasePaymentRecord VALUES (14697603, 99000022, '2020-08-20', 5, 'debit');
INSERT INTO PurchasePaymentRecord VALUES (73909396, 99000023, '2020-01-24', 62, 'credit');
INSERT INTO PurchasePaymentRecord VALUES (73909396, 99000024, '2014-04-03', 86, 'credit');
INSERT INTO PurchasePaymentRecord VALUES (46003155, 99000025, '2020-08-07', 96, 'debit');
INSERT INTO PurchasePaymentRecord VALUES (51671559, 99000026, '2003-09-09', 41, 'credit');
INSERT INTO PurchasePaymentRecord VALUES (74326806, 99000027, '2020-10-23', 59, 'debit');
INSERT INTO PurchasePaymentRecord VALUES (35840070, 99000028, '2018-03-18', 51, 'credit');
INSERT INTO PurchasePaymentRecord VALUES (46003155, 99000029, '2018-08-04', 61, 'debit');
INSERT INTO PurchasePaymentRecord VALUES (49270050, 99000030, '2007-12-09', 29, 'debit');
INSERT INTO PurchasePaymentRecord VALUES (66892107, 99000031, '2012-08-20', 39, 'debit');
INSERT INTO PurchasePaymentRecord VALUES (13602156, 99000032, '2016-11-03', 8, 'credit');
INSERT INTO PurchasePaymentRecord VALUES (45425712, 99000033, '2001-04-29', 73, 'debit');
INSERT INTO PurchasePaymentRecord VALUES (97245935, 99000034, '2010-02-20', 95, 'debit');
INSERT INTO PurchasePaymentRecord VALUES (21448587, 99000035, '2019-11-23', 55, 'debit');
INSERT INTO PurchasePaymentRecord VALUES (51671559, 99000036, '2014-11-18', 2, 'credit');
INSERT INTO PurchasePaymentRecord VALUES (49270050, 99000037, '2016-05-19', 60, 'credit');
INSERT INTO PurchasePaymentRecord VALUES (35840070, 99000038, '2007-09-12', 92, 'credit');
INSERT INTO PurchasePaymentRecord VALUES (46751571, 99000039, '2014-10-28', 87, 'credit');
INSERT INTO PurchasePaymentRecord VALUES (75502057, 99000040, '2019-11-27', 59, 'debit');
INSERT INTO PurchasePaymentRecord VALUES (60002861, 99000041, '2011-08-31', 22, 'debit');
INSERT INTO PurchasePaymentRecord VALUES (46480624, 99000042, '2014-03-16', 46, 'credit');
INSERT INTO PurchasePaymentRecord VALUES (72181951, 99000043, '2019-11-03', 78, 'credit');
INSERT INTO PurchasePaymentRecord VALUES (66892107, 99000044, '2008-08-07', 2, 'credit');
INSERT INTO PurchasePaymentRecord VALUES (13602156, 99000045, '2012-11-24', 16, 'credit');
INSERT INTO PurchasePaymentRecord VALUES (38232073, 99000046, '2020-04-20', 47, 'debit');
INSERT INTO PurchasePaymentRecord VALUES (66892107, 99000047, '2006-09-01', 33, 'credit');
INSERT INTO PurchasePaymentRecord VALUES (45425712, 99000048, '2003-03-08', 83, 'debit');
INSERT INTO PurchasePaymentRecord VALUES (14697603, 99000049, '2007-08-18', 47, 'debit');
INSERT INTO PurchasePaymentRecord VALUES (75496334, 99000050, '2004-04-15', 57, 'credit');
INSERT INTO PurchasePaymentRecord VALUES (27392825, 99000051, '2002-02-10', 76, 'debit');
INSERT INTO PurchasePaymentRecord VALUES (66730671, 99000052, '2008-08-08', 27, 'credit');
INSERT INTO PurchasePaymentRecord VALUES (45425712, 99000053, '2002-05-28', 82, 'debit');
INSERT INTO PurchasePaymentRecord VALUES (35840070, 99000054, '2019-07-09', 70, 'credit');
INSERT INTO PurchasePaymentRecord VALUES (21448587, 99000055, '2011-10-03', 26, 'credit');
INSERT INTO PurchasePaymentRecord VALUES (97245935, 99000056, '2011-03-13', 49, 'credit');
INSERT INTO PurchasePaymentRecord VALUES (28565392, 99000057, '2003-11-14', 63, 'debit');
INSERT INTO PurchasePaymentRecord VALUES (46751571, 99000058, '2009-11-30', 13, 'credit');
INSERT INTO PurchasePaymentRecord VALUES (87654062, 99000059, '2006-09-13', 21, 'credit');
INSERT INTO PurchasePaymentRecord VALUES (75502057, 99000060, '2006-03-06', 76, 'credit');
INSERT INTO PurchasePaymentRecord VALUES (45425712, 99000061, '2013-02-06', 90, 'debit');
INSERT INTO PurchasePaymentRecord VALUES (97245935, 99000062, '2013-06-06', 48, 'credit');
INSERT INTO PurchasePaymentRecord VALUES (45425712, 99000063, '2003-01-11', 96, 'credit');
INSERT INTO PurchasePaymentRecord VALUES (66892107, 99000064, '2010-09-13', 94, 'credit');
INSERT INTO PurchasePaymentRecord VALUES (60002861, 99000065, '2011-04-07', 71, 'credit');
INSERT INTO PurchasePaymentRecord VALUES (13602156, 99000066, '2015-02-05', 97, 'credit');
INSERT INTO PurchasePaymentRecord VALUES (73634271, 99000067, '2020-03-11', 71, 'debit');
INSERT INTO PurchasePaymentRecord VALUES (72181951, 99000068, '2003-05-12', 32, 'credit');
INSERT INTO PurchasePaymentRecord VALUES (66892107, 99000069, '2002-09-02', 82, 'credit');
INSERT INTO PurchasePaymentRecord VALUES (75496334, 99000070, '2017-05-15', 35, 'debit');
INSERT INTO PurchasePaymentRecord VALUES (73634271, 99000071, '2011-01-13', 23, 'debit');
INSERT INTO PurchasePaymentRecord VALUES (79714650, 99000072, '2004-03-15', 41, 'debit');
INSERT INTO PurchasePaymentRecord VALUES (97233566, 99000073, '2016-10-18', 78, 'debit');
INSERT INTO PurchasePaymentRecord VALUES (81443437, 99000074, '2004-01-04', 44, 'debit');
INSERT INTO PurchasePaymentRecord VALUES (51671559, 99000075, '2003-10-07', 58, 'debit');
INSERT INTO PurchasePaymentRecord VALUES (66892107, 99000076, '2004-08-31', 85, 'credit');
INSERT INTO PurchasePaymentRecord VALUES (14697603, 99000077, '2013-08-09', 94, 'credit');
INSERT INTO PurchasePaymentRecord VALUES (27392825, 99000078, '2016-04-29', 85, 'debit');
INSERT INTO PurchasePaymentRecord VALUES (73909396, 99000079, '2016-06-11', 53, 'credit');
INSERT INTO PurchasePaymentRecord VALUES (46751571, 99000080, '2020-09-28', 66, 'debit');
INSERT INTO PurchasePaymentRecord VALUES (73634271, 99000081, '2012-05-23', 73, 'debit');
INSERT INTO PurchasePaymentRecord VALUES (72181951, 99000082, '2011-08-05', 73, 'debit');
INSERT INTO PurchasePaymentRecord VALUES (72541566, 99000083, '2002-08-21', 4, 'debit');
INSERT INTO PurchasePaymentRecord VALUES (87654062, 99000084, '2017-05-24', 19, 'debit');
INSERT INTO PurchasePaymentRecord VALUES (49270050, 99000085, '2010-06-16', 21, 'credit');
INSERT INTO PurchasePaymentRecord VALUES (28565392, 99000086, '2004-10-15', 37, 'debit');
INSERT INTO PurchasePaymentRecord VALUES (13602156, 99000087, '2002-09-16', 99, 'credit');
INSERT INTO PurchasePaymentRecord VALUES (73909396, 99000088, '2003-05-17', 32, 'credit');
INSERT INTO PurchasePaymentRecord VALUES (97245935, 99000089, '2012-01-23', 12, 'debit');
INSERT INTO PurchasePaymentRecord VALUES (75496334, 99000090, '2012-12-28', 8, 'debit');
INSERT INTO PurchasePaymentRecord VALUES (73634271, 99000091, '2019-06-07', 44, 'credit');
INSERT INTO PurchasePaymentRecord VALUES (46751571, 99000092, '2009-08-22', 60, 'debit');
INSERT INTO PurchasePaymentRecord VALUES (74326806, 99000093, '2019-11-23', 13, 'credit');
INSERT INTO PurchasePaymentRecord VALUES (46480624, 99000094, '2008-11-21', 57, 'credit');
INSERT INTO PurchasePaymentRecord VALUES (28565392, 99000095, '2004-01-24', 11, 'debit');
INSERT INTO PurchasePaymentRecord VALUES (27392825, 99000096, '2002-11-07', 71, 'credit');
INSERT INTO PurchasePaymentRecord VALUES (21448587, 99000097, '2013-02-17', 8, 'credit');
INSERT INTO PurchasePaymentRecord VALUES (75502057, 99000098, '2007-05-28', 38, 'credit');
INSERT INTO PurchasePaymentRecord VALUES (28565392, 99000099, '2012-12-12', 87, 'credit');
INSERT INTO PurchasePaymentRecord VALUES (73909396, 99000100, '2001-09-01', 75, 'debit');

-- For some reason the data generator I was using couldn't coerce CSV
-- values to floats, so this UPDATE statement inserts the intended
-- amounts for the purchase payment records

UPDATE  PurchasePaymentRecord
SET     amount = amount * 
        (SELECT     unit_cost
         FROM       Purchase
         WHERE      pur_num = pur_num);

-- Customers

INSERT INTO Customer VALUES (12180348, 36046199, 'Ulrika Shrawley', 'ushrawley0@cpanel.net');
INSERT INTO Customer VALUES (79858119, 76165756, 'Reina Kalderon', 'rkalderon1@rambler.ru');
INSERT INTO Customer VALUES (14055326, 31592623, 'Grenville Ticehurst', 'gticehurst2@pagesperso-orange.fr');
INSERT INTO Customer VALUES (40213183, 70517396, 'Eddie Ferneyhough', 'eferneyhough3@msn.com');
INSERT INTO Customer VALUES (85322400, 63312648, 'Meggy Leece', 'mleece4@github.io');
INSERT INTO Customer VALUES (35554713, 40191504, 'Dolly Leasor', 'dleasor5@is.gd');
INSERT INTO Customer VALUES (87599378, 19038928, 'Monah Ryder', 'mryder6@ibm.com');
INSERT INTO Customer VALUES (79066568, 83327797, 'Brendis Bratley', 'bbratley7@japanpost.jp');
INSERT INTO Customer VALUES (75546337, 99712727, 'Finley Harlow', 'fharlow8@sun.com');
INSERT INTO Customer VALUES (39454858, 23817778, 'Nata Brenston', 'nbrenston9@scribd.com');
INSERT INTO Customer VALUES (39477509, 17120169, 'Ulric Beney', 'ubeneya@irs.gov');
INSERT INTO Customer VALUES (81847045, 46979542, 'Bentlee Currao', 'bcurraob@rambler.ru');
INSERT INTO Customer VALUES (18689113, 83327797, 'Elsie Stibbs', 'estibbsc@oaic.gov.au');
INSERT INTO Customer VALUES (75039230, 56939389, 'Reggi Sloey', 'rsloeyd@quantcast.com');
INSERT INTO Customer VALUES (13172371, 17120169, 'Enrico Todman', 'etodmane@alibaba.com');
INSERT INTO Customer VALUES (18189948, 18581795, 'Elinore Bisley', 'ebisleyf@theguardian.com');
INSERT INTO Customer VALUES (89645178, 99090517, 'Cthrine Dewett', 'cdewettg@t.co');
INSERT INTO Customer VALUES (56106763, 23817778, 'Odey Swedeland', 'oswedelandh@issuu.com');
INSERT INTO Customer VALUES (18964106, 12895221, 'Belinda MacCartan', 'bmaccartani@cam.ac.uk');
INSERT INTO Customer VALUES (42966039, 96159427, 'Kristan Jenckes', 'kjenckesj@fema.gov');
INSERT INTO Customer VALUES (66892685, 96736604, 'Domenic Skellion', 'dskellionk@weibo.com');
INSERT INTO Customer VALUES (10884691, 12588734, 'Maurise Lowres', 'mlowresl@blog.com');
INSERT INTO Customer VALUES (64346967, 15313144, 'Todd De Meyer', 'tdem@discovery.com');
INSERT INTO Customer VALUES (17562976, 82738160, 'Madelyn Dowding', 'mdowdingn@wix.com');
INSERT INTO Customer VALUES (75737095, 69268557, 'Marcie Valadez', 'mvaladezo@blogs.com');
INSERT INTO Customer VALUES (36402028, 99712727, 'Clemmy Knapton', 'cknaptonp@google.pl');
INSERT INTO Customer VALUES (11135068, 88383054, 'Benetta Hainsworth', 'bhainsworthq@mozilla.org');
INSERT INTO Customer VALUES (87744156, 62588607, 'Melania Jolly', 'mjollyr@tamu.edu');
INSERT INTO Customer VALUES (91614179, 56939389, 'Jordan Obington', 'jobingtons@istockphoto.com');
INSERT INTO Customer VALUES (58507146, 23817778, 'Tymon Weond', 'tweondt@tuttocitta.it');
INSERT INTO Customer VALUES (62408351, 24929418, 'Giorgio Cookson', 'gcooksonu@topsy.com');
INSERT INTO Customer VALUES (69809240, 69268557, 'Alyce Aplin', 'aaplinv@chicagotribune.com');
INSERT INTO Customer VALUES (53789318, 83241184, 'Verne Paolinelli', 'vpaolinelliw@omniture.com');
INSERT INTO Customer VALUES (70662929, 83241184, 'Fleming Stitch', 'fstitchx@alibaba.com');
INSERT INTO Customer VALUES (60003921, 88383054, 'Vikky Keasey', 'vkeaseyy@accuweather.com');
INSERT INTO Customer VALUES (74398697, 71774227, 'Erhart Kinglesyd', 'ekinglesydz@wikimedia.org');
INSERT INTO Customer VALUES (73177858, 24446167, 'Sauveur Skyram', 'sskyram10@ezinearticles.com');
INSERT INTO Customer VALUES (76111834, 69268557, 'Meryl Cramond', 'mcramond11@nsw.gov.au');
INSERT INTO Customer VALUES (46670835, 96736604, 'Yurik Willars', 'ywillars12@businesswire.com');
INSERT INTO Customer VALUES (88397080, 99712727, 'Itch Grafhom', 'igrafhom13@seattletimes.com');
INSERT INTO Customer VALUES (96392176, 56939389, 'Ermentrude Elgy', 'eelgy14@mysql.com');
INSERT INTO Customer VALUES (44765065, 56939389, 'Berny Buxsy', 'bbuxsy15@goodreads.com');
INSERT INTO Customer VALUES (61428038, 24929418, 'Darrel Maylard', 'dmaylard16@slashdot.org');
INSERT INTO Customer VALUES (73098328, 50833065, 'Axel Ridings', 'aridings17@alexa.com');
INSERT INTO Customer VALUES (50548428, 73100744, 'Kirbie Housaman', 'khousaman18@youtube.com');
INSERT INTO Customer VALUES (19924135, 76165756, 'Dayle Campaigne', 'dcampaigne19@csmonitor.com');
INSERT INTO Customer VALUES (44537889, 83120194, 'Terence Le Grove', 'tle1a@nba.com');
INSERT INTO Customer VALUES (76909108, 82738160, 'Irene O''Brien', 'iobrien1b@addthis.com');
INSERT INTO Customer VALUES (38506576, 73100744, 'Upton Seedull', 'useedull1c@woothemes.com');
INSERT INTO Customer VALUES (73793032, 19038928, 'Erl Eastwell', 'eeastwell1d@uiuc.edu');

-- Skills

INSERT INTO Skill VALUES ('2.A.1.a', 'Reading Comprehension', 'Reading comprehension is the ability to process text, understand its meaning, and to integrate with what the reader already knows.', 'advanced');
INSERT INTO Skill VALUES ('2.A.1.b', 'Active Listening', 'Active listening is a technique that is used in counseling, training, and solving disputes or conflicts.', 'advanced');
INSERT INTO Skill VALUES ('2.A.1.c', 'Writing', 'Writing is a medium of human communication that involves the representation of a language with symbols.', 'advanced');
INSERT INTO Skill VALUES ('2.A.1.d', 'Speaking', 'Public speaking is the process or act of performing a speech to a live audience.', 'advanced');
INSERT INTO Skill VALUES ('2.A.1.e', 'Mathematics', 'Mathematics is the study of numbers, shapes and patterns.', 'beginner');
INSERT INTO Skill VALUES ('2.A.1.f', 'Science', 'Science (from the Latin word scientia, meaning "knowledge") is a systematic enterprise that builds and organizes knowledge by virtue of testable explanations and predictions about the universe.', 'medium');
INSERT INTO Skill VALUES ('2.A.2.a', 'Critical Thinking', 'Critical thinking is the analysis of facts to form a judgment. The subject is complex, and several different definitions exist, which generally include the rational, skeptical, unbiased analysis, or evaluation of factual evidence.', 'beginner');
INSERT INTO Skill VALUES ('2.A.2.b', 'Active Learning', 'Active learning is a method of learning in which students are actively or experientially involved in the learning process and where there are different levels of active learning, depending on student involvement.', 'medium');
INSERT INTO Skill VALUES ('2.A.2.c', 'Learning Strategies', 'Learning strategies are the different approaches and methods that humans use to enhance learning.', 'beginner');
INSERT INTO Skill VALUES ('2.A.2.d', 'Monitoring', 'Employee Monitoring is the act of employers surveying employee activity through different surveillance methods.', 'advanced');
INSERT INTO Skill VALUES ('2.B.1.a', 'Social Perceptiveness', 'Social perception (or person perception) is the study of how people form impressions of and make inferences about other people as sovereign personalities.', 'advanced');
INSERT INTO Skill VALUES ('2.B.1.b', 'Coordination', 'The act of coordinating, making different people or things work together for a goal or effect.', 'medium');
INSERT INTO Skill VALUES ('2.B.1.c', 'Persuasion', 'In business, persuasion is a process aimed at changing a person''s attitude or behaviour toward some event, idea, object, or other person(s), by using written, spoken words or visual tools to convey information, feelings, or reasoning, or a combination thereof.', 'beginner');
INSERT INTO Skill VALUES ('2.B.1.d', 'Negotiation', 'Negotiation is a dialogue between two or more people or parties intended to reach a beneficial outcome over one or more issues where a conflict exists with respect to at least one of these issues.', 'advanced');
INSERT INTO Skill VALUES ('2.B.1.e', 'Instructing', 'The act of instructing, teaching, or furnishing with information or knowledge.', 'advanced');
INSERT INTO Skill VALUES ('2.B.1.f', 'Service Orientation', 'Service-orientation is a design paradigm for computer software in the form of services.', 'medium');
INSERT INTO Skill VALUES ('2.B.2.i', 'Complex Problem Solving', 'Problem solving consists of using generic or ad hoc methods in an orderly manner to find solutions to problems.', 'advanced');
INSERT INTO Skill VALUES ('2.B.3.a', 'Operations Analysis', 'Operations Analysis is a discipline that deals with the application of advanced analytical methods to help make better decisions.', 'medium');
INSERT INTO Skill VALUES ('2.B.3.b', 'Technology Design', 'The study, design, development, application, implementation, support and management of computer and non-computer based technologies for the express purpose of communicating product design intent and constructability.', 'beginner');
INSERT INTO Skill VALUES ('2.B.3.c', 'Equipment Selection', 'Identifying and procuring suitable equipment.', 'medium');
INSERT INTO Skill VALUES ('2.B.3.d', 'Installation', ' Installation refers to the particular configuration of a software or hardware with a view to making it usable with the computer.', 'beginner');
INSERT INTO Skill VALUES ('2.B.3.e', 'Programming', 'Computer programming is the process of designing and building an executable computer program to accomplish a specific computing result or to perform a specific task.', 'medium');
INSERT INTO Skill VALUES ('2.B.3.g', 'Operation Monitoring', 'The continuous assessment of programmes based on early detailed information on the progress or delay of the ongoing assessed activities.', 'medium');
INSERT INTO Skill VALUES ('2.B.3.h', 'Operation and Control', 'The area of management concerned with designing and controlling the process of production and redesigning business operations in the production of goods or services.', 'advanced');
INSERT INTO Skill VALUES ('2.B.3.j', 'Equipment Maintenance', 'Equipment maintenance is any process used to keep a businesss equipment in reliable working order.', 'advanced');
INSERT INTO Skill VALUES ('2.B.3.k', 'Troubleshooting', 'Troubleshooting is a form of problem solving, often applied to repair failed products or processes on a machine or a system.', 'medium');
INSERT INTO Skill VALUES ('2.B.3.l', 'Repairing', 'The ability to restore equipment to full working functionality.', 'medium');
INSERT INTO Skill VALUES ('2.B.3.m', 'Quality Control Analysis', 'Quality control (QC) is a process by which entities review the quality of all factors involved in production. ISO 9000 defines quality control as "A part of quality management focused on fulfilling quality requirements".', 'advanced');
INSERT INTO Skill VALUES ('2.B.4.e', 'Judgment and Decision Making', 'The cognitive process resulting in the selection of a belief or a course of action among several possible alternative options, it could be either rational or irrational.', 'advanced');
INSERT INTO Skill VALUES ('2.B.4.g', 'Systems Analysis', 'The process of studying a procedure or business in order to identify its goals and purposes and create systems and procedures that will achieve them in an efficient way', 'medium');
INSERT INTO Skill VALUES ('2.B.4.h', 'Systems Evaluation', 'The systematic method for collecting, analyzing, and using information to answer questions about projects, policies and programs, particularly about their effectiveness and efficiency.', 'medium');
INSERT INTO Skill VALUES ('2.B.5.a', 'Time Management', 'Time management is the process of planning and exercising conscious control of time spent on specific activities, especially to increase effectiveness, efficiency, and productivity.', 'advanced');
INSERT INTO Skill VALUES ('2.B.5.b', 'Management of Financial Resources', 'Financial management may be defined as the area or function in an organization which is concerned with profitability, expenses, cash and credit, so that the "organization may have the means to carry out its objective as satisfactorily as possible;" the latter often defined as maximizing the value of the firm for stockholders.', 'beginner');
INSERT INTO Skill VALUES ('2.B.5.c', 'Management of Material Resources', 'Materials management is a core supply chain function and includes supply chain planning and supply chain execution capabilities.', 'advanced');
INSERT INTO Skill VALUES ('2.B.5.d', 'Management of Personnel Resources', 'Human Resource Management (HRM or HR) is the strategic approach to the effective management of people in a company or organization such that they help their business gain a competitive advantage.', 'beginner');


-- Requires

INSERT INTO Requires VALUES ('41-1011.00', '2.A.1.b');
INSERT INTO Requires VALUES ('41-1012.00', '2.A.1.b');
INSERT INTO Requires VALUES ('41-1012.00', '2.A.1.d');
INSERT INTO Requires VALUES ('41-1012.00', '2.A.2.d');
INSERT INTO Requires VALUES ('41-1012.00', '2.B.1.a');
INSERT INTO Requires VALUES ('41-1012.00', '2.B.1.b');
INSERT INTO Requires VALUES ('41-1012.00', '2.B.4.e');
INSERT INTO Requires VALUES ('41-1012.00', '2.B.5.a');
INSERT INTO Requires VALUES ('41-1012.00', '2.B.5.d');
INSERT INTO Requires VALUES ('41-2022.00', '2.A.1.a');
INSERT INTO Requires VALUES ('41-2022.00', '2.A.1.b');
INSERT INTO Requires VALUES ('41-2022.00', '2.A.1.d');
INSERT INTO Requires VALUES ('41-2022.00', '2.B.1.f');
INSERT INTO Requires VALUES ('41-2031.00', '2.B.1.c');

-- Positions

INSERT INTO Position VALUES ('41-1011.00', 'First-Line Supervisors of Retail Sales Workers', 'Directly supervise and coordinate activities of retail sales workers in an establishment or department. Duties may include management functions, such as purchasing, budgeting, accounting, and personnel work, in addition to supervisory duties.', 93978, 65784.6);
INSERT INTO Position VALUES ('41-1012.00', 'First-Line Supervisors of Non-Retail Sales Workers', 'Directly supervise and coordinate activities of sales workers other than retail sales workers. May perform duties such as budgeting, accounting, and personnel work, in addition to supervisory duties.', 162919, 114043.3);
INSERT INTO Position VALUES ('41-2011.00', 'Cashiers', 'Receive and disburse money in establishments other than financial institutions. May use electronic scanners, cash registers, or related equipment. May process credit or debit card transactions and validate checks.', 159225, 111457.5);
INSERT INTO Position VALUES ('41-2012.00', 'Gaming Change Persons and Booth Cashiers', 'Exchange coins, tokens, and chips for patrons'' money. May issue payoffs and obtain customer''s signature on receipt. May operate a booth in the slot machine area and furnish change persons with money bank at the start of the shift, or count and audit money in drawers.', 136512, 95558.4);
INSERT INTO Position VALUES ('41-2021.00', 'Counter and Rental Clerks', 'Receive orders, generally in person, for repairs, rentals, and services. May describe available options, compute costs, and accept payment.', 139708, 97795.6);
INSERT INTO Position VALUES ('41-2022.00', 'Parts Salespersons', 'Sell spare and replacement parts and equipment in repair shop or parts store.', 114277, 79993.9);
INSERT INTO Position VALUES ('41-2031.00', 'Retail Salespersons', 'Sell merchandise, such as furniture, motor vehicles, appliances, or apparel to consumers.', 108597, 76017.9);

-- Jobs

INSERT INTO Job VALUES (30464044, 'Sales Consultant', '41-2031.00', 'full-time', 51254, 'salary', 40191504);
INSERT INTO Job VALUES (20135891, 'Retail Parts Professional', '41-2022.00', 'full-time', 58948, 'salary', 12588734);
INSERT INTO Job VALUES (51465302, 'Parts Clerk', '41-2022.00', 'full-time', 51148, 'salary', 56939389);
INSERT INTO Job VALUES (69440306, 'Parts Clerk', '41-2022.00', 'part-time', 13, 'wage', 50833065);
INSERT INTO Job VALUES (38580361, 'Retail Store Manager', '41-1011.00', 'full-time', 55909, 'salary', 82738160);
INSERT INTO Job VALUES (62744068, 'Sales Supervisor', '41-1012.00', 'full-time', 41316, 'salary', 76165756);
INSERT INTO Job VALUES (68345963, 'Parts Associate', '41-2022.00', 'part-time', 18, 'wage', 62588607);
INSERT INTO Job VALUES (67843064, 'Sales Specialist', '41-2022.00', 'part-time', 18, 'wage', 24446167);
INSERT INTO Job VALUES (95969883, 'Sales Supervisor', '41-1011.00', 'full-time', 58917, 'salary', 22548624);
INSERT INTO Job VALUES (18527266, 'Store Supervisor', '41-1011.00', 'full-time', 54063, 'salary', 50470560);
INSERT INTO Job VALUES (25249171, 'Parts Counter Person', '41-2022.00', 'full-time', 41554, 'salary', 82738160);
INSERT INTO Job VALUES (86342657, 'Sales Leader', '41-1012.00', 'part-time', 10, 'wage', 64688774);
INSERT INTO Job VALUES (51489298, 'Commission Sales Associate', '41-2031.00', 'full-time', 41932, 'salary', 48670460);
INSERT INTO Job VALUES (61637419, 'Parts Clerk', '41-2022.00', 'part-time', 17, 'wage', 83241184);
INSERT INTO Job VALUES (87213806, 'Management Shift Supervisor', '41-1011.00', 'full-time', 35961, 'salary', 99712727);
INSERT INTO Job VALUES (19903369, 'Retail Associate', '41-2031.00', 'part-time', 11, 'wage', 10390898);
INSERT INTO Job VALUES (88176907, 'Retail Shift Supervisor', '41-1011.00', 'full-time', 48811, 'salary', 64421538);
INSERT INTO Job VALUES (84537754, 'Auto Parts Handler', '41-2022.00', 'full-time', 46422, 'salary', 83241184);
INSERT INTO Job VALUES (12483215, 'Parts Professional', '41-2022.00', 'full-time', 50810, 'salary', 96736604);
INSERT INTO Job VALUES (12051444, 'Retail Shift Supervisor', '41-1011.00', 'part-time', 17, 'wage', 88383054);
INSERT INTO Job VALUES (70649972, 'Parts Advisor', '41-2022.00', 'part-time', 17, 'wage', 80893196);
INSERT INTO Job VALUES (98907583, 'Sales Specialist', '41-2022.00', 'part-time', 18, 'wage', 19038928);
INSERT INTO Job VALUES (56865884, 'Retail Store Manager', '41-1011.00', 'part-time', 14, 'wage', 83327797);
INSERT INTO Job VALUES (12055459, 'Store Manager', '41-1011.00', 'part-time', 14, 'wage', 99090517);
INSERT INTO Job VALUES (26148093, 'Management Shift Supervisor', '41-1011.00', 'full-time', 49658, 'salary', 24929418);
INSERT INTO Job VALUES (26175300, 'Store Cashier', '41-2011.00', 'full-time', 45336, 'salary', 83120194);
INSERT INTO Job VALUES (81161877, 'Sales Consultant', '41-2031.00', 'full-time', 55488, 'salary', 33802552);
INSERT INTO Job VALUES (71127278, 'Parts Salesman', '41-2022.00', 'part-time', 15, 'wage', 18581795);
INSERT INTO Job VALUES (53418220, 'Parts Associate', '41-2022.00', 'full-time', 48438, 'salary', 89451333);
INSERT INTO Job VALUES (73984761, 'Auto Parts Handler', '41-2022.00', 'full-time', 48379, 'salary', 17120169);
INSERT INTO Job VALUES (59020259, 'Sales Supervisor', '41-1011.00', 'part-time', 18, 'wage', 63312648);
INSERT INTO Job VALUES (78535499, 'Commercial Parts Professional', '41-2022.00', 'part-time', 18, 'wage', 15313144);
INSERT INTO Job VALUES (69767319, 'Retail Sales Associate', '41-2031.00', 'full-time', 39441, 'salary', 76165756);
INSERT INTO Job VALUES (67505758, 'Parts Counter Person', '41-2022.00', 'part-time', 10, 'wage', 33844415);
INSERT INTO Job VALUES (68171131, 'Parts Counterperson', '41-2022.00', 'full-time', 33774, 'salary', 24929418);
INSERT INTO Job VALUES (32685070, 'Key Holder', '41-1011.00', 'part-time', 17, 'wage', 23817778);
INSERT INTO Job VALUES (84296783, 'Parts Salesman', '41-2022.00', 'full-time', 40071, 'salary', 29880359);
INSERT INTO Job VALUES (28526847, 'Sales Supervisor', '41-1012.00', 'full-time', 49271, 'salary', 71774227);
INSERT INTO Job VALUES (96892628, 'Department Manager', '41-1011.00', 'part-time', 11, 'wage', 23817778);
INSERT INTO Job VALUES (87606065, 'Retail Manager', '41-1011.00', 'full-time', 54232, 'salary', 23817778);
INSERT INTO Job VALUES (93015419, 'Auto Parts Counter Person', '41-2022.00', 'part-time', 19, 'wage', 83241184);
INSERT INTO Job VALUES (18960416, 'Desk Attendant', '41-2021.00', 'part-time', 17, 'wage', 88383054);
INSERT INTO Job VALUES (11668200, 'Retail Parts Professional', '41-2022.00', 'full-time', 36694, 'salary', 96736604);
INSERT INTO Job VALUES (57291675, 'Retail Shift Supervisor', '41-1011.00', 'full-time', 44089, 'salary', 48670460);
INSERT INTO Job VALUES (75293791, 'Store Team Member', '41-2031.00', 'part-time', 16, 'wage', 36046199);
INSERT INTO Job VALUES (24294310, 'Department Manager', '41-1011.00', 'full-time', 36759, 'salary', 29880359);
INSERT INTO Job VALUES (89759929, 'Retail Sales Representative', '41-2031.00', 'part-time', 19, 'wage', 36046199);
INSERT INTO Job VALUES (93864151, 'Key Holder', '41-1011.00', 'full-time', 42168, 'salary', 23817778);
INSERT INTO Job VALUES (97906033, 'Retail Shift Supervisor', '41-1011.00', 'full-time', 42733, 'salary', 90847609);
INSERT INTO Job VALUES (74458168, 'Desk Attendant', '41-2021.00', 'full-time', 33711, 'salary', 82738160);
INSERT INTO Job VALUES (49860344, 'Management Shift Supervisor', '41-1011.00', 'full-time', 53157, 'salary', 22548624);
INSERT INTO Job VALUES (29580735, 'Auto Parts Handler', '41-2022.00', 'full-time', 56622, 'salary', 36046199);
INSERT INTO Job VALUES (19803946, 'Sales Supervisor', '41-1012.00', 'full-time', 31869, 'salary', 31592623);
INSERT INTO Job VALUES (58128562, 'Parts Specialist', '41-2022.00', 'part-time', 11, 'wage', 83327797);
INSERT INTO Job VALUES (17896415, 'Sales Consultant', '41-2031.00', 'part-time', 12, 'wage', 50470560);
INSERT INTO Job VALUES (88047558, 'Store Team Member', '41-2031.00', 'part-time', 14, 'wage', 57724194);
INSERT INTO Job VALUES (34440807, 'Parts Counterperson', '41-2022.00', 'part-time', 19, 'wage', 18581795);
INSERT INTO Job VALUES (67084697, 'Parts Counter Person', '41-2022.00', 'full-time', 44938, 'salary', 89451333);
INSERT INTO Job VALUES (26244644, 'Store Supervisor', '41-1011.00', 'full-time', 58588, 'salary', 73100744);
INSERT INTO Job VALUES (83143556, 'Retail Associate', '41-2031.00', 'part-time', 10, 'wage', 76165756);
INSERT INTO Job VALUES (41744384, 'Sales Leader', '41-1012.00', 'full-time', 50650, 'salary', 19038928);
INSERT INTO Job VALUES (89971766, 'Retail Shift Supervisor', '41-1011.00', 'full-time', 57778, 'salary', 83241184);
INSERT INTO Job VALUES (90069698, 'Point of Sale Associate', '41-2011.00', 'full-time', 59502, 'salary', 17120169);
INSERT INTO Job VALUES (12644768, 'Parts Representative', '41-2022.00', 'part-time', 12, 'wage', 76165756);
INSERT INTO Job VALUES (47390558, 'Sales Supervisor', '41-1012.00', 'full-time', 41196, 'salary', 40191504);
INSERT INTO Job VALUES (66100857, 'Desk Greeter', '41-2021.00', 'part-time', 12, 'wage', 40708855);
INSERT INTO Job VALUES (82054796, 'Parts Clerk', '41-2022.00', 'full-time', 49272, 'salary', 97267708);
INSERT INTO Job VALUES (89221192, 'Commercial Parts Professional', '41-2022.00', 'full-time', 47576, 'salary', 50470560);
INSERT INTO Job VALUES (25109220, 'Sales Leader', '41-1012.00', 'full-time', 33693, 'salary', 83241184);
INSERT INTO Job VALUES (43367690, 'Parts Specialist', '41-2022.00', 'part-time', 10, 'wage', 83327797);
INSERT INTO Job VALUES (39025914, 'Sales Consultant', '41-2031.00', 'part-time', 14, 'wage', 46979542);
INSERT INTO Job VALUES (38642704, 'Retail Store Manager', '41-1011.00', 'part-time', 18, 'wage', 73100744);
INSERT INTO Job VALUES (59230197, 'Key Holder', '41-1011.00', 'full-time', 51338, 'salary', 40191504);
INSERT INTO Job VALUES (32949082, 'Retail Associate', '41-2031.00', 'full-time', 37500, 'salary', 63312648);
INSERT INTO Job VALUES (73569625, 'Store Cashier', '41-2011.00', 'full-time', 56019, 'salary', 17120169);
INSERT INTO Job VALUES (50547283, 'Parts Specialist', '41-2022.00', 'full-time', 41877, 'salary', 48055567);
INSERT INTO Job VALUES (45855793, 'Desk Attendant', '41-2021.00', 'part-time', 16, 'wage', 97267708);
INSERT INTO Job VALUES (73189132, 'Retail Parts Professional', '41-2022.00', 'part-time', 10, 'wage', 50833065);
INSERT INTO Job VALUES (67880091, 'Sales Specialist', '41-2022.00', 'part-time', 16, 'wage', 31592623);
INSERT INTO Job VALUES (35100689, 'Store Supervisor', '41-1011.00', 'part-time', 13, 'wage', 80893196);
INSERT INTO Job VALUES (16271385, 'Retail Parts Professional', '41-2022.00', 'full-time', 50467, 'salary', 56939389);
INSERT INTO Job VALUES (48618597, 'Sales Supervisor', '41-1011.00', 'part-time', 18, 'wage', 97267708);
INSERT INTO Job VALUES (72294004, 'Shift Supervisor', '41-1011.00', 'full-time', 42565, 'salary', 48055567);
INSERT INTO Job VALUES (83102858, 'Sales Associate', '41-2031.00', 'full-time', 45185, 'salary', 48670460);
INSERT INTO Job VALUES (99469890, 'Store Supervisor', '41-1011.00', 'part-time', 14, 'wage', 48670460);
INSERT INTO Job VALUES (32026348, 'Retail Associate', '41-2031.00', 'part-time', 10, 'wage', 76165756);
INSERT INTO Job VALUES (40958637, 'Sales Supervisor', '41-1012.00', 'full-time', 42481, 'salary', 15313144);
INSERT INTO Job VALUES (37373473, 'Department Manager', '41-1011.00', 'part-time', 14, 'wage', 22548624);
INSERT INTO Job VALUES (92840698, 'Sales Consultant', '41-2031.00', 'full-time', 52730, 'salary', 99712727);
INSERT INTO Job VALUES (66985852, 'Sales Consultant', '41-2031.00', 'part-time', 12, 'wage', 33802552);
INSERT INTO Job VALUES (37869860, 'Customer Service Associate', '41-2031.00', 'full-time', 56449, 'salary', 64421538);
INSERT INTO Job VALUES (15861409, 'Auto Parts Handler', '41-2022.00', 'part-time', 12, 'wage', 76165756);
INSERT INTO Job VALUES (31725431, 'Department Supervisor', '41-1011.00', 'part-time', 12, 'wage', 99712727);
INSERT INTO Job VALUES (50664404, 'Parts Associate', '41-2022.00', 'part-time', 11, 'wage', 57724194);
INSERT INTO Job VALUES (91593749, 'Shift Supervisor', '41-1011.00', 'full-time', 54715, 'salary', 36046199);
INSERT INTO Job VALUES (57689111, 'Desk Greeter', '41-2021.00', 'part-time', 10, 'wage', 15313144);
INSERT INTO Job VALUES (94916582, 'Customer Service Associate', '41-2011.00', 'part-time', 19, 'wage', 17120169);
INSERT INTO Job VALUES (88900384, 'Retail Store Manager', '41-1011.00', 'full-time', 48043, 'salary', 96736604);
INSERT INTO Job VALUES (97455024, 'Sales Leader', '41-1012.00', 'part-time', 15, 'wage', 83327797);
INSERT INTO Job VALUES (36457054, 'Store Cashier', '41-2011.00', 'full-time', 35858, 'salary', 88383054);
INSERT INTO Job VALUES (58107948, 'Store Team Member', '41-2031.00', 'full-time', 42186, 'salary', 80893196);
INSERT INTO Job VALUES (57063572, 'Store Manager', '41-1011.00', 'part-time', 19, 'wage', 24446167);
INSERT INTO Job VALUES (53149010, 'Sales Consultant', '41-2031.00', 'full-time', 53885, 'salary', 23817778);
INSERT INTO Job VALUES (76171612, 'Management Shift Supervisor', '41-1011.00', 'full-time', 39017, 'salary', 40708855);
INSERT INTO Job VALUES (47739376, 'Parts Specialist', '41-2022.00', 'part-time', 15, 'wage', 12588734);
INSERT INTO Job VALUES (90496907, 'Parts Counterperson', '41-2022.00', 'part-time', 13, 'wage', 18581795);
INSERT INTO Job VALUES (76671117, 'Auto Parts Counter Person', '41-2022.00', 'full-time', 40707, 'salary', 77890321);
INSERT INTO Job VALUES (59850263, 'Point of Sale Associate', '41-2011.00', 'full-time', 36056, 'salary', 33802552);
INSERT INTO Job VALUES (87259767, 'Point of Sale Associate', '41-2011.00', 'part-time', 11, 'wage', 69268557);
INSERT INTO Job VALUES (12868668, 'Department Supervisor', '41-1011.00', 'part-time', 11, 'wage', 29880359);
INSERT INTO Job VALUES (17168344, 'Parts Clerk', '41-2022.00', 'full-time', 45619, 'salary', 99090517);
INSERT INTO Job VALUES (26820524, 'Store Cashier', '41-2011.00', 'full-time', 33250, 'salary', 22548624);
INSERT INTO Job VALUES (70675496, 'Commercial Parts Professional', '41-2022.00', 'part-time', 20, 'wage', 62588607);
INSERT INTO Job VALUES (22389315, 'Parts Counterperson', '41-2022.00', 'full-time', 32779, 'salary', 83327797);
INSERT INTO Job VALUES (49986990, 'Parts Counterperson', '41-2022.00', 'part-time', 18, 'wage', 82738160);
INSERT INTO Job VALUES (82824490, 'Auto Parts Handler', '41-2022.00', 'part-time', 20, 'wage', 83327797);
INSERT INTO Job VALUES (67679219, 'Store Supervisor', '41-1011.00', 'full-time', 58571, 'salary', 24446167);
INSERT INTO Job VALUES (48730662, 'Shift Supervisor', '41-1011.00', 'part-time', 14, 'wage', 77890321);
INSERT INTO Job VALUES (58264066, 'Sales Leader', '41-1012.00', 'part-time', 19, 'wage', 96736604);
INSERT INTO Job VALUES (89845993, 'Parts Salesman', '41-2022.00', 'part-time', 17, 'wage', 89451333);
INSERT INTO Job VALUES (39649253, 'Sales Leader', '41-1012.00', 'full-time', 51183, 'salary', 17120169);
INSERT INTO Job VALUES (28266465, 'Store Cashier', '41-2011.00', 'full-time', 30770, 'salary', 70517396);
INSERT INTO Job VALUES (41362637, 'Parts Advisor', '41-2022.00', 'part-time', 18, 'wage', 40708855);
INSERT INTO Job VALUES (57963779, 'Customer Service Associate', '41-2011.00', 'part-time', 18, 'wage', 12588734);
INSERT INTO Job VALUES (92653940, 'Desk Greeter', '41-2021.00', 'full-time', 51201, 'salary', 69268557);
INSERT INTO Job VALUES (56964916, 'Customer Service Associate', '41-2031.00', 'part-time', 12, 'wage', 87302334);
INSERT INTO Job VALUES (81669500, 'Auto Parts Counter Person', '41-2022.00', 'part-time', 12, 'wage', 12895221);
INSERT INTO Job VALUES (33712344, 'Cashier', '41-2011.00', 'full-time', 34701, 'salary', 50833065);
INSERT INTO Job VALUES (35806988, 'Salesperson', '41-2022.00', 'part-time', 11, 'wage', 19038928);
INSERT INTO Job VALUES (25539067, 'Department Supervisor', '41-1011.00', 'full-time', 54748, 'salary', 99090517);
INSERT INTO Job VALUES (86988837, 'Key Holder', '41-1011.00', 'part-time', 13, 'wage', 88383054);
INSERT INTO Job VALUES (47122233, 'Customer Service Associate', '41-2011.00', 'full-time', 30872, 'salary', 24929418);
INSERT INTO Job VALUES (83469122, 'Customer Service Associate', '41-2011.00', 'part-time', 20, 'wage', 33844415);
INSERT INTO Job VALUES (49811873, 'Shift Supervisor', '41-1011.00', 'part-time', 20, 'wage', 48670460);
INSERT INTO Job VALUES (36246436, 'Store Cashier', '41-2011.00', 'full-time', 33225, 'salary', 96159427);
INSERT INTO Job VALUES (69540033, 'Department Supervisor', '41-1011.00', 'full-time', 47575, 'salary', 23817778);
INSERT INTO Job VALUES (21427588, 'Commission Sales Associate', '41-2031.00', 'full-time', 39637, 'salary', 83327797);
INSERT INTO Job VALUES (55130124, 'Department Supervisor', '41-1011.00', 'full-time', 37671, 'salary', 80893196);
INSERT INTO Job VALUES (79509466, 'Parts Professional', '41-2022.00', 'full-time', 58762, 'salary', 18581795);
INSERT INTO Job VALUES (10862189, 'Store Supervisor', '41-1011.00', 'full-time', 46540, 'salary', 29880359);
INSERT INTO Job VALUES (17687841, 'Retail Sales Associate', '41-2031.00', 'part-time', 10, 'wage', 46979542);
INSERT INTO Job VALUES (93771570, 'Key Holder', '41-1011.00', 'full-time', 52826, 'salary', 29880359);
INSERT INTO Job VALUES (57259843, 'Retail Associate', '41-2031.00', 'full-time', 42357, 'salary', 73100744);
INSERT INTO Job VALUES (10007684, 'Commission Sales Associate', '41-2031.00', 'full-time', 45333, 'salary', 56939389);
INSERT INTO Job VALUES (68440061, 'Management Shift Supervisor', '41-1011.00', 'full-time', 56918, 'salary', 50470560);
INSERT INTO Job VALUES (69998527, 'Parts Counter Person', '41-2022.00', 'full-time', 48241, 'salary', 87302334);
INSERT INTO Job VALUES (70627805, 'Retail Associate', '41-2031.00', 'part-time', 13, 'wage', 83120194);
INSERT INTO Job VALUES (83662282, 'Retail Sales Representative', '41-2031.00', 'full-time', 42208, 'salary', 80893196);
INSERT INTO Job VALUES (48877300, 'Sales Associate', '41-2031.00', 'part-time', 20, 'wage', 83327797);
INSERT INTO Job VALUES (83769178, 'Sales Leader', '41-1012.00', 'part-time', 10, 'wage', 88383054);
INSERT INTO Job VALUES (95069275, 'Desk Greeter', '41-2021.00', 'full-time', 37275, 'salary', 83120194);
INSERT INTO Job VALUES (51618744, 'Retail Manager', '41-1011.00', 'full-time', 56736, 'salary', 83327797);
INSERT INTO Job VALUES (57942712, 'Desk Attendant', '41-2021.00', 'part-time', 20, 'wage', 40191504);
INSERT INTO Job VALUES (83838455, 'Store Associate', '41-2031.00', 'part-time', 15, 'wage', 76165756);
INSERT INTO Job VALUES (78556232, 'Customer Service Associate', '41-2011.00', 'part-time', 19, 'wage', 83327797);
INSERT INTO Job VALUES (87649878, 'Sales Consultant', '41-2031.00', 'part-time', 12, 'wage', 24929418);
INSERT INTO Job VALUES (42692875, 'Department Supervisor', '41-1011.00', 'part-time', 17, 'wage', 24929418);
INSERT INTO Job VALUES (36009777, 'Parts Professional', '41-2022.00', 'full-time', 46912, 'salary', 83120194);
INSERT INTO Job VALUES (94457607, 'Store Team Member', '41-2031.00', 'part-time', 14, 'wage', 57724194);
INSERT INTO Job VALUES (59557362, 'Parts Advisor', '41-2022.00', 'full-time', 47537, 'salary', 80893196);
INSERT INTO Job VALUES (37249525, 'Retail Sales Representative', '41-2031.00', 'part-time', 18, 'wage', 24446167);
INSERT INTO Job VALUES (95325483, 'Store Team Member', '41-2031.00', 'part-time', 18, 'wage', 69268557);
INSERT INTO Job VALUES (81528658, 'Department Supervisor', '41-1011.00', 'part-time', 12, 'wage', 57724194);
INSERT INTO Job VALUES (89870109, 'Store Cashier', '41-2011.00', 'part-time', 17, 'wage', 17120169);
INSERT INTO Job VALUES (35527615, 'Sales Supervisor', '41-1011.00', 'full-time', 38791, 'salary', 48055567);
INSERT INTO Job VALUES (73882796, 'Retail Sales Associate', '41-2031.00', 'full-time', 56190, 'salary', 48670460);
INSERT INTO Job VALUES (66733337, 'Parts Clerk', '41-2022.00', 'full-time', 50945, 'salary', 73100744);
INSERT INTO Job VALUES (25655315, 'Retail Parts Professional', '41-2022.00', 'full-time', 38013, 'salary', 63312648);
INSERT INTO Job VALUES (72813862, 'Store Associate', '41-2031.00', 'full-time', 48585, 'salary', 17120169);
INSERT INTO Job VALUES (43572462, 'Management Shift Supervisor', '41-1011.00', 'full-time', 52248, 'salary', 99712727);
INSERT INTO Job VALUES (36694002, 'Sales Consultant', '41-2031.00', 'full-time', 56158, 'salary', 40708855);
INSERT INTO Job VALUES (21763404, 'Store Manager', '41-1011.00', 'part-time', 16, 'wage', 48670460);
INSERT INTO Job VALUES (74067372, 'Unload Associate', '41-2011.00', 'full-time', 33886, 'salary', 83120194);
INSERT INTO Job VALUES (53167795, 'Customer Service Associate', '41-2011.00', 'full-time', 50046, 'salary', 50470560);
INSERT INTO Job VALUES (52767891, 'Retail Associate', '41-2031.00', 'part-time', 10, 'wage', 90847609);
INSERT INTO Job VALUES (38429797, 'Parts Advisor', '41-2022.00', 'part-time', 18, 'wage', 19038928);
INSERT INTO Job VALUES (81907304, 'Customer Service Associate', '41-2011.00', 'full-time', 30736, 'salary', 29880359);
INSERT INTO Job VALUES (64062752, 'Sales Supervisor', '41-1012.00', 'part-time', 15, 'wage', 87302334);
INSERT INTO Job VALUES (77953701, 'Desk Greeter', '41-2021.00', 'full-time', 55769, 'salary', 70517396);
INSERT INTO Job VALUES (10254285, 'Retail Sales Associate', '41-2031.00', 'full-time', 39108, 'salary', 99712727);
INSERT INTO Job VALUES (58871462, 'Parts Professional', '41-2022.00', 'full-time', 45525, 'salary', 36046199);
INSERT INTO Job VALUES (61873115, 'Commercial Parts Professional', '41-2022.00', 'full-time', 40686, 'salary', 96736604);
INSERT INTO Job VALUES (65737155, 'Point of Sale Associate', '41-2011.00', 'part-time', 17, 'wage', 83241184);
INSERT INTO Job VALUES (20389720, 'Point of Sale Associate', '41-2011.00', 'part-time', 18, 'wage', 17120169);
INSERT INTO Job VALUES (26100344, 'Parts Counter Person', '41-2022.00', 'part-time', 17, 'wage', 90847609);
INSERT INTO Job VALUES (76242720, 'Commission Sales Associate', '41-2031.00', 'part-time', 13, 'wage', 17120169);
INSERT INTO Job VALUES (38784720, 'Auto Parts Counter Person', '41-2022.00', 'part-time', 16, 'wage', 33802552);
INSERT INTO Job VALUES (20593282, 'Customer Service Associate', '41-2031.00', 'part-time', 19, 'wage', 18581795);
INSERT INTO Job VALUES (65879865, 'Retail Manager', '41-1011.00', 'part-time', 10, 'wage', 99712727);
INSERT INTO Job VALUES (58679261, 'Sales Supervisor', '41-1011.00', 'full-time', 39062, 'salary', 82738160);
INSERT INTO Job VALUES (29125247, 'Retail Shift Supervisor', '41-1011.00', 'part-time', 19, 'wage', 24929418);
INSERT INTO Job VALUES (86000875, 'Parts Advisor', '41-2022.00', 'full-time', 46593, 'salary', 24446167);
INSERT INTO Job VALUES (89165573, 'Retail Sales Representative', '41-2031.00', 'part-time', 16, 'wage', 89451333);
INSERT INTO Job VALUES (45306527, 'Retail Sales Representative', '41-2031.00', 'full-time', 50577, 'salary', 89451333);
INSERT INTO Job VALUES (35778331, 'Parts Representative', '41-2022.00', 'part-time', 17, 'wage', 46979542);
INSERT INTO Job VALUES (70038460, 'Retail Manager', '41-1011.00', 'part-time', 15, 'wage', 40708855);
INSERT INTO Job VALUES (42501824, 'Parts Counterperson', '41-2022.00', 'full-time', 54910, 'salary', 83241184);
INSERT INTO Job VALUES (91996283, 'Cashier', '41-2011.00', 'part-time', 10, 'wage', 64688774);
INSERT INTO Job VALUES (53426649, 'Cashier', '41-2011.00', 'full-time', 31543, 'salary', 50833065);
INSERT INTO Job VALUES (86968860, 'Store Cashier', '41-2011.00', 'part-time', 20, 'wage', 77890321);
INSERT INTO Job VALUES (67626992, 'Department Supervisor', '41-1011.00', 'full-time', 52821, 'salary', 23817778);
INSERT INTO Job VALUES (13412299, 'Retail Associate', '41-2031.00', 'part-time', 15, 'wage', 56939389);
INSERT INTO Job VALUES (21948614, 'Parts Representative', '41-2022.00', 'part-time', 12, 'wage', 99712727);
INSERT INTO Job VALUES (86920754, 'Parts Advisor', '41-2022.00', 'part-time', 13, 'wage', 33844415);
INSERT INTO Job VALUES (77687342, 'Parts Associate', '41-2022.00', 'part-time', 17, 'wage', 96736604);
INSERT INTO Job VALUES (48200520, 'Store Team Member', '41-2031.00', 'full-time', 55598, 'salary', 83327797);
INSERT INTO Job VALUES (70959033, 'Commission Sales Associate', '41-2031.00', 'part-time', 10, 'wage', 73100744);
INSERT INTO Job VALUES (20431030, 'Parts Counter Person', '41-2022.00', 'full-time', 53912, 'salary', 88383054);
INSERT INTO Job VALUES (93994690, 'Desk Greeter', '41-2021.00', 'part-time', 15, 'wage', 70517396);
INSERT INTO Job VALUES (80502686, 'Retail Store Manager', '41-1011.00', 'full-time', 33112, 'salary', 50833065);
INSERT INTO Job VALUES (12693373, 'Retail Sales Representative', '41-2031.00', 'full-time', 47588, 'salary', 71774227);
INSERT INTO Job VALUES (61473320, 'Parts Clerk', '41-2022.00', 'part-time', 16, 'wage', 64688774);
INSERT INTO Job VALUES (93633445, 'Parts Representative', '41-2022.00', 'part-time', 12, 'wage', 40191504);
INSERT INTO Job VALUES (52025575, 'Parts Professional', '41-2022.00', 'full-time', 58346, 'salary', 76165756);
INSERT INTO Job VALUES (85546470, 'Commercial Parts Professional', '41-2022.00', 'full-time', 51477, 'salary', 87302334);
INSERT INTO Job VALUES (91885105, 'Commercial Parts Professional', '41-2022.00', 'part-time', 16, 'wage', 83327797);
INSERT INTO Job VALUES (35662622, 'Sales Leader', '41-1012.00', 'part-time', 14, 'wage', 64688774);
INSERT INTO Job VALUES (33744652, 'Desk Attendant', '41-2021.00', 'full-time', 57696, 'salary', 46979542);
INSERT INTO Job VALUES (33448737, 'Salesperson', '41-2022.00', 'part-time', 14, 'wage', 48055567);
INSERT INTO Job VALUES (61750620, 'Sales Specialist', '41-2022.00', 'part-time', 10, 'wage', 69268557);
INSERT INTO Job VALUES (26291298, 'Sales Consultant', '41-2031.00', 'full-time', 56424, 'salary', 97267708);
INSERT INTO Job VALUES (60013212, 'Parts Representative', '41-2022.00', 'part-time', 19, 'wage', 18581795);
INSERT INTO Job VALUES (46064868, 'Sales Leader', '41-1012.00', 'full-time', 36490, 'salary', 12895221);
INSERT INTO Job VALUES (25799222, 'Auto Parts Handler', '41-2022.00', 'part-time', 17, 'wage', 33802552);
INSERT INTO Job VALUES (66807842, 'Retail Sales Associate', '41-2031.00', 'full-time', 49845, 'salary', 96736604);
INSERT INTO Job VALUES (22206096, 'Sales Consultant', '41-2031.00', 'full-time', 33196, 'salary', 12895221);
INSERT INTO Job VALUES (40023500, 'Commercial Parts Professional', '41-2022.00', 'full-time', 52058, 'salary', 83241184);
INSERT INTO Job VALUES (24181364, 'Parts Counter Person', '41-2022.00', 'part-time', 12, 'wage', 46979542);
INSERT INTO Job VALUES (23919855, 'Point of Sale Associate', '41-2011.00', 'part-time', 17, 'wage', 24929418);
INSERT INTO Job VALUES (37539122, 'Retail Sales Representative', '41-2031.00', 'part-time', 20, 'wage', 62588607);
INSERT INTO Job VALUES (95560318, 'Shift Supervisor', '41-1011.00', 'part-time', 20, 'wage', 36046199);
INSERT INTO Job VALUES (17652843, 'Parts Counter Representative', '41-2022.00', 'part-time', 17, 'wage', 87302334);
INSERT INTO Job VALUES (29359435, 'Sales Consultant', '41-2031.00', 'full-time', 47770, 'salary', 99090517);
INSERT INTO Job VALUES (59958467, 'Store Associate', '41-2031.00', 'full-time', 52975, 'salary', 89451333);
INSERT INTO Job VALUES (61711433, 'Parts Counter Person', '41-2022.00', 'full-time', 51693, 'salary', 50833065);
INSERT INTO Job VALUES (65013212, 'Key Holder', '41-1011.00', 'part-time', 12, 'wage', 88383054);
INSERT INTO Job VALUES (96640865, 'Parts Associate', '41-2022.00', 'full-time', 57391, 'salary', 83327797);
INSERT INTO Job VALUES (14704586, 'Parts Specialist', '41-2022.00', 'part-time', 13, 'wage', 83327797);
INSERT INTO Job VALUES (33412097, 'Retail Parts Professional', '41-2022.00', 'part-time', 14, 'wage', 40708855);
INSERT INTO Job VALUES (17958224, 'Sales Supervisor', '41-1011.00', 'full-time', 37036, 'salary', 83120194);
INSERT INTO Job VALUES (23973354, 'Store Team Member', '41-2031.00', 'part-time', 17, 'wage', 18581795);
INSERT INTO Job VALUES (52794445, 'Key Holder', '41-1011.00', 'part-time', 18, 'wage', 73100744);
INSERT INTO Job VALUES (50967152, 'Retail Shift Supervisor', '41-1011.00', 'part-time', 10, 'wage', 64421538);
INSERT INTO Job VALUES (18343286, 'Department Supervisor', '41-1011.00', 'full-time', 58996, 'salary', 12588734);
INSERT INTO Job VALUES (25996841, 'Auto Parts Counter Person', '41-2022.00', 'full-time', 48263, 'salary', 17120169);
INSERT INTO Job VALUES (72959316, 'Desk Attendant', '41-2021.00', 'part-time', 12, 'wage', 19038928);
INSERT INTO Job VALUES (28096405, 'Sales Supervisor', '41-1011.00', 'full-time', 48484, 'salary', 48670460);
INSERT INTO Job VALUES (23430794, 'Sales Supervisor', '41-1012.00', 'full-time', 52085, 'salary', 33844415);
INSERT INTO Job VALUES (87091730, 'Retail Store Manager', '41-1011.00', 'part-time', 12, 'wage', 19038928);
INSERT INTO Job VALUES (75056067, 'Sales Supervisor', '41-1011.00', 'part-time', 18, 'wage', 40191504);
INSERT INTO Job VALUES (99128751, 'Desk Greeter', '41-2021.00', 'full-time', 35643, 'salary', 46979542);
INSERT INTO Job VALUES (14143641, 'Retail Store Manager', '41-1011.00', 'part-time', 11, 'wage', 88383054);
INSERT INTO Job VALUES (80385193, 'Retail Shift Supervisor', '41-1011.00', 'part-time', 15, 'wage', 99090517);
INSERT INTO Job VALUES (76540826, 'Department Manager', '41-1011.00', 'part-time', 15, 'wage', 18581795);
INSERT INTO Job VALUES (42428271, 'Sales Leader', '41-1012.00', 'part-time', 19, 'wage', 88383054);
INSERT INTO Job VALUES (72649469, 'Parts Counter Representative', '41-2022.00', 'part-time', 15, 'wage', 70517396);
INSERT INTO Job VALUES (55377485, 'Sales Leader', '41-1012.00', 'part-time', 10, 'wage', 57724194);
INSERT INTO Job VALUES (52804968, 'Parts Counter Person', '41-2022.00', 'full-time', 41644, 'salary', 40191504);
INSERT INTO Job VALUES (90039215, 'Desk Attendant', '41-2021.00', 'full-time', 54869, 'salary', 51982754);
INSERT INTO Job VALUES (24909686, 'Parts Counter Representative', '41-2022.00', 'part-time', 11, 'wage', 71774227);
INSERT INTO Job VALUES (77920327, 'Store Associate', '41-2031.00', 'full-time', 33853, 'salary', 71774227);
INSERT INTO Job VALUES (52134623, 'Commercial Parts Professional', '41-2022.00', 'full-time', 56956, 'salary', 99090517);
INSERT INTO Job VALUES (44819340, 'Cashier', '41-2011.00', 'part-time', 15, 'wage', 83327797);
INSERT INTO Job VALUES (16126985, 'Auto Parts Handler', '41-2022.00', 'full-time', 39322, 'salary', 29880359);
INSERT INTO Job VALUES (37964009, 'Auto Parts Counter Person', '41-2022.00', 'part-time', 14, 'wage', 89451333);
INSERT INTO Job VALUES (35862940, 'Parts Professional', '41-2022.00', 'part-time', 14, 'wage', 96736604);
INSERT INTO Job VALUES (81369142, 'Sales Supervisor', '41-1011.00', 'part-time', 18, 'wage', 99090517);
INSERT INTO Job VALUES (51618012, 'Unload Associate', '41-2011.00', 'full-time', 43452, 'salary', 19038928);
INSERT INTO Job VALUES (64407949, 'Auto Parts Counter Person', '41-2022.00', 'part-time', 10, 'wage', 48055567);
INSERT INTO Job VALUES (91706640, 'Sales Leader', '41-1012.00', 'full-time', 52989, 'salary', 71774227);
INSERT INTO Job VALUES (47090950, 'Key Holder', '41-1011.00', 'full-time', 59544, 'salary', 83120194);
INSERT INTO Job VALUES (48991436, 'Retail Store Manager', '41-1011.00', 'part-time', 15, 'wage', 36046199);
INSERT INTO Job VALUES (70394801, 'Parts Professional', '41-2022.00', 'full-time', 53724, 'salary', 64421538);
INSERT INTO Job VALUES (45545401, 'Department Manager', '41-1011.00', 'full-time', 39838, 'salary', 77890321);
INSERT INTO Job VALUES (40011370, 'Unload Associate', '41-2011.00', 'part-time', 18, 'wage', 36046199);
INSERT INTO Job VALUES (35924138, 'Unload Associate', '41-2011.00', 'full-time', 40510, 'salary', 10390898);
INSERT INTO Job VALUES (85606544, 'Parts Professional', '41-2022.00', 'part-time', 15, 'wage', 83241184);
INSERT INTO Job VALUES (89373857, 'Sales Supervisor', '41-1012.00', 'full-time', 30352, 'salary', 64688774);
INSERT INTO Job VALUES (10222342, 'Retail Manager', '41-1011.00', 'full-time', 58014, 'salary', 83241184);
INSERT INTO Job VALUES (12734583, 'Auto Parts Counter Person', '41-2022.00', 'part-time', 12, 'wage', 89451333);
INSERT INTO Job VALUES (58788894, 'Commercial Parts Professional', '41-2022.00', 'part-time', 11, 'wage', 57724194);
INSERT INTO Job VALUES (80638186, 'Parts Salesman', '41-2022.00', 'full-time', 31860, 'salary', 71774227);
INSERT INTO Job VALUES (45174434, 'Retail Shift Supervisor', '41-1011.00', 'full-time', 55069, 'salary', 82738160);
INSERT INTO Job VALUES (70583731, 'Customer Service Associate', '41-2031.00', 'full-time', 40434, 'salary', 48055567);
INSERT INTO Job VALUES (64328820, 'Retail Store Manager', '41-1011.00', 'part-time', 15, 'wage', 46979542);
INSERT INTO Job VALUES (55190171, 'Retail Manager', '41-1011.00', 'full-time', 46743, 'salary', 10390898);
INSERT INTO Job VALUES (24819674, 'Parts Counterperson', '41-2022.00', 'part-time', 19, 'wage', 24446167);
INSERT INTO Job VALUES (35497352, 'Auto Parts Counter Person', '41-2022.00', 'part-time', 18, 'wage', 83327797);
INSERT INTO Job VALUES (27380608, 'Parts Specialist', '41-2022.00', 'part-time', 16, 'wage', 48670460);
INSERT INTO Job VALUES (19391117, 'Store Cashier', '41-2011.00', 'full-time', 30124, 'salary', 99712727);
INSERT INTO Job VALUES (87627973, 'Sales Supervisor', '41-1012.00', 'full-time', 52250, 'salary', 96736604);
INSERT INTO Job VALUES (56215192, 'Store Cashier', '41-2011.00', 'part-time', 16, 'wage', 88383054);
INSERT INTO Job VALUES (12394840, 'Management Shift Supervisor', '41-1011.00', 'part-time', 15, 'wage', 40191504);
INSERT INTO Job VALUES (86881099, 'Sales Supervisor', '41-1011.00', 'full-time', 50085, 'salary', 90847609);
INSERT INTO Job VALUES (81373389, 'Parts Counter Person', '41-2022.00', 'part-time', 10, 'wage', 63312648);
INSERT INTO Job VALUES (52801112, 'Sales Leader', '41-1012.00', 'full-time', 55903, 'salary', 36046199);
INSERT INTO Job VALUES (10436768, 'Parts Advisor', '41-2022.00', 'full-time', 59228, 'salary', 70517396);
INSERT INTO Job VALUES (83420291, 'Sales Supervisor', '41-1011.00', 'full-time', 53197, 'salary', 99090517);
INSERT INTO Job VALUES (53038296, 'Retail Store Manager', '41-1011.00', 'full-time', 37984, 'salary', 82738160);
INSERT INTO Job VALUES (68329997, 'Parts Salesman', '41-2022.00', 'full-time', 56783, 'salary', 48055567);

-- Employees

INSERT INTO Employee VALUES (1, 40708855, 'Meris', 'O'' Scallan', 'N', '75', 'Red Cloud', '6484', 'Oklahoma City', 'OK', '73157', 'moscallan0@earthlink.net', 'Female');
INSERT INTO Employee VALUES (2, 50470560, 'Dud', 'Franca', 'O', '24001', 'Hauk', '8', 'Houston', 'TX', '77025', 'dfranca1@upenn.edu', 'Male');
INSERT INTO Employee VALUES (3, 73100744, 'Carmelita', 'Baldacchi', null, '11974', 'Grim', null, 'Gastonia', 'NC', '28055', 'cbaldacchi2@redcross.org', 'Female');
INSERT INTO Employee VALUES (4, 99712727, 'Aime', 'Atcheson', 'M', '36', 'School', null, 'Modesto', 'CA', '95354', 'aatcheson3@bluehost.com', 'Female');
INSERT INTO Employee VALUES (5, 19038928, 'Marian', 'Brodie', 'V', '7', 'Northport', null, 'Kansas City', 'KS', '66160', 'mbrodie4@yahoo.com', 'Female');
INSERT INTO Employee VALUES (6, 70517396, 'Costanza', 'Gallaher', 'Z', '6', 'Summerview', null, 'South Bend', 'IN', '46699', 'cgallaher5@sciencedaily.com', 'Female');
INSERT INTO Employee VALUES (7, 22548624, 'Maurizio', 'Nafzger', 'P', '8958', 'Carberry', '08', 'El Paso', 'TX', '88535', 'mnafzger6@answers.com', 'Male');
INSERT INTO Employee VALUES (8, 88383054, 'Cori', 'McGrotty', 'R', '84', 'Linden', '4144', 'Pensacola', 'FL', '32595', 'cmcgrotty7@ocn.ne.jp', 'Male');
INSERT INTO Employee VALUES (9, 83241184, 'Alla', 'Bray', 'M', '18187', 'Transport', '5217', 'Jackson', 'MS', '39282', 'abray8@hexun.com', 'Female');
INSERT INTO Employee VALUES (10, 77890321, 'Yasmin', 'Paulin', 'L', '9634', 'Buhler', null, 'Garden Grove', 'CA', '92645', 'ypaulin9@prnewswire.com', 'Female');
INSERT INTO Employee VALUES (11, 12588734, 'Ainslee', 'Lenihan', null, '911', 'Manley', null, 'San Antonio', 'TX', '78210', 'alenihana@comcast.net', 'Female');
INSERT INTO Employee VALUES (12, 70517396, 'Ryley', 'Emloch', null, '1', '8th', null, 'Charleston', 'WV', '25321', 'remlochb@archive.org', 'Male');
INSERT INTO Employee VALUES (13, 33844415, 'Roanna', 'Pelcheur', null, '63', 'Mosinee', '3', 'Sarasota', 'FL', '34276', 'rpelcheurc@reddit.com', 'Female');
INSERT INTO Employee VALUES (14, 63312648, 'Myrtice', 'Hendrickx', 'Q', '19977', 'Toban', '229', 'Denver', 'CO', '80291', 'mhendrickxd@eventbrite.com', 'Female');
INSERT INTO Employee VALUES (15, 73100744, 'Delbert', 'Leavold', null, '7', 'Artisan', '9234', 'Peoria', 'IL', '61656', 'dleavolde@artisteer.com', 'Male');
INSERT INTO Employee VALUES (16, 96159427, 'Lucho', 'Morrowe', null, '71', 'Myrtle', null, 'Houston', 'TX', '77090', 'lmorrowef@forbes.com', 'Male');
INSERT INTO Employee VALUES (17, 12895221, 'Dalton', 'Rau', 'W', '253', '1st', '65988', 'Knoxville', 'TN', '37939', 'draug@nytimes.com', 'Male');
INSERT INTO Employee VALUES (18, 73100744, 'Bob', 'Pidduck', 'O', '68590', 'Tony', null, 'Hartford', 'CT', '06183', 'bpidduckh@posterous.com', 'Male');
INSERT INTO Employee VALUES (19, 46979542, 'Cyndi', 'Blazdell', 'L', '8392', 'Randy', '319', 'North Las Vegas', 'NV', '89087', 'cblazdelli@moonfruit.com', 'Female');
INSERT INTO Employee VALUES (20, 99090517, 'Falkner', 'Beardmore', null, '27', 'Luster', '70', 'Anchorage', 'AK', '99517', 'fbeardmorej@nba.com', 'Male');

-- Has_Skill

INSERT INTO Has_Skill VALUES (1, '2.B.1.c');
INSERT INTO Has_Skill VALUES (1, '2.B.1.d');
INSERT INTO Has_Skill VALUES (1, '2.B.3.a');
INSERT INTO Has_Skill VALUES (1, '2.B.4.e');
INSERT INTO Has_Skill VALUES (10, '2.A.1.b');
INSERT INTO Has_Skill VALUES (10, '2.B.4.e');
INSERT INTO Has_Skill VALUES (10, '2.B.4.h');
INSERT INTO Has_Skill VALUES (11, '2.A.1.b');
INSERT INTO Has_Skill VALUES (11, '2.B.1.d');
INSERT INTO Has_Skill VALUES (11, '2.B.3.e');
INSERT INTO Has_Skill VALUES (11, '2.B.3.m');
INSERT INTO Has_Skill VALUES (11, '2.B.5.b');
INSERT INTO Has_Skill VALUES (12, '2.B.1.e');
INSERT INTO Has_Skill VALUES (12, '2.B.4.e');
INSERT INTO Has_Skill VALUES (13, '2.A.1.f');
INSERT INTO Has_Skill VALUES (13, '2.A.2.b');
INSERT INTO Has_Skill VALUES (13, '2.A.2.c');
INSERT INTO Has_Skill VALUES (13, '2.A.2.d');
INSERT INTO Has_Skill VALUES (13, '2.B.1.a');
INSERT INTO Has_Skill VALUES (13, '2.B.1.c');
INSERT INTO Has_Skill VALUES (13, '2.B.1.d');
INSERT INTO Has_Skill VALUES (13, '2.B.3.c');
INSERT INTO Has_Skill VALUES (13, '2.B.4.h');
INSERT INTO Has_Skill VALUES (14, '2.A.1.f');
INSERT INTO Has_Skill VALUES (14, '2.A.2.b');
INSERT INTO Has_Skill VALUES (14, '2.B.1.c');
INSERT INTO Has_Skill VALUES (14, '2.B.3.k');
INSERT INTO Has_Skill VALUES (14, '2.B.3.m');
INSERT INTO Has_Skill VALUES (15, '2.A.2.a');
INSERT INTO Has_Skill VALUES (15, '2.A.2.b');
INSERT INTO Has_Skill VALUES (15, '2.B.1.e');
INSERT INTO Has_Skill VALUES (15, '2.B.3.d');
INSERT INTO Has_Skill VALUES (15, '2.B.3.l');
INSERT INTO Has_Skill VALUES (16, '2.A.1.b');
INSERT INTO Has_Skill VALUES (16, '2.B.3.d');
INSERT INTO Has_Skill VALUES (16, '2.B.3.e');
INSERT INTO Has_Skill VALUES (16, '2.B.3.h');
INSERT INTO Has_Skill VALUES (17, '2.B.2.i');
INSERT INTO Has_Skill VALUES (17, '2.B.3.e');
INSERT INTO Has_Skill VALUES (17, '2.B.4.e');
INSERT INTO Has_Skill VALUES (17, '2.B.5.a');
INSERT INTO Has_Skill VALUES (18, '2.A.1.a');
INSERT INTO Has_Skill VALUES (18, '2.A.2.b');
INSERT INTO Has_Skill VALUES (18, '2.A.2.c');
INSERT INTO Has_Skill VALUES (19, '2.A.1.c');
INSERT INTO Has_Skill VALUES (19, '2.B.2.i');
INSERT INTO Has_Skill VALUES (19, '2.B.4.h');
INSERT INTO Has_Skill VALUES (2, '2.A.1.c');
INSERT INTO Has_Skill VALUES (2, '2.A.1.d');
INSERT INTO Has_Skill VALUES (2, '2.A.1.e');
INSERT INTO Has_Skill VALUES (2, '2.A.2.a');
INSERT INTO Has_Skill VALUES (2, '2.A.2.d');
INSERT INTO Has_Skill VALUES (2, '2.B.3.b');
INSERT INTO Has_Skill VALUES (2, '2.B.3.e');
INSERT INTO Has_Skill VALUES (2, '2.B.4.e');
INSERT INTO Has_Skill VALUES (2, '2.B.5.b');
INSERT INTO Has_Skill VALUES (20, '2.B.1.a');
INSERT INTO Has_Skill VALUES (20, '2.B.1.c');
INSERT INTO Has_Skill VALUES (20, '2.B.2.i');
INSERT INTO Has_Skill VALUES (20, '2.B.3.d');
INSERT INTO Has_Skill VALUES (20, '2.B.3.k');
INSERT INTO Has_Skill VALUES (20, '2.B.3.m');
INSERT INTO Has_Skill VALUES (20, '2.B.5.b');
INSERT INTO Has_Skill VALUES (3, '2.A.1.d');
INSERT INTO Has_Skill VALUES (3, '2.B.1.e');
INSERT INTO Has_Skill VALUES (3, '2.B.3.h');
INSERT INTO Has_Skill VALUES (3, '2.B.3.j');
INSERT INTO Has_Skill VALUES (3, '2.B.3.m');
INSERT INTO Has_Skill VALUES (4, '2.A.1.e');
INSERT INTO Has_Skill VALUES (4, '2.B.3.d');
INSERT INTO Has_Skill VALUES (4, '2.B.3.g');
INSERT INTO Has_Skill VALUES (4, '2.B.5.a');
INSERT INTO Has_Skill VALUES (4, '2.B.5.c');
INSERT INTO Has_Skill VALUES (5, '2.A.2.a');
INSERT INTO Has_Skill VALUES (5, '2.B.1.d');
INSERT INTO Has_Skill VALUES (5, '2.B.4.e');
INSERT INTO Has_Skill VALUES (6, '2.A.1.d');
INSERT INTO Has_Skill VALUES (6, '2.B.1.a');
INSERT INTO Has_Skill VALUES (6, '2.B.3.d');
INSERT INTO Has_Skill VALUES (7, '2.A.1.c');
INSERT INTO Has_Skill VALUES (7, '2.A.1.e');
INSERT INTO Has_Skill VALUES (7, '2.B.1.b');
INSERT INTO Has_Skill VALUES (7, '2.B.1.e');
INSERT INTO Has_Skill VALUES (7, '2.B.1.f');
INSERT INTO Has_Skill VALUES (7, '2.B.3.k');
INSERT INTO Has_Skill VALUES (7, '2.B.4.e');
INSERT INTO Has_Skill VALUES (7, '2.B.5.a');
INSERT INTO Has_Skill VALUES (8, '2.B.1.d');
INSERT INTO Has_Skill VALUES (8, '2.B.2.i');
INSERT INTO Has_Skill VALUES (8, '2.B.5.b');
INSERT INTO Has_Skill VALUES (8, '2.B.5.d');
INSERT INTO Has_Skill VALUES (9, '2.B.3.d');
INSERT INTO Has_Skill VALUES (9, '2.B.3.h');

-- Works

INSERT INTO Works VALUES (1, 30464044, '2019-09-26', CURRENT_DATE);
INSERT INTO Works VALUES (10, 18527266, '2003-01-24', CURRENT_DATE);
INSERT INTO Works VALUES (11, 25249171, '2014-01-08', CURRENT_DATE);
INSERT INTO Works VALUES (12, 86342657, '2003-11-28', CURRENT_DATE);
INSERT INTO Works VALUES (13, 51489298, '2010-05-17', CURRENT_DATE);
INSERT INTO Works VALUES (14, 61637419, '2010-02-18', CURRENT_DATE);
INSERT INTO Works VALUES (15, 87213806, '2016-07-26', CURRENT_DATE);
INSERT INTO Works VALUES (16, 19903369, '2008-04-21', CURRENT_DATE);
INSERT INTO Works VALUES (17, 88176907, '2013-12-11', CURRENT_DATE);
INSERT INTO Works VALUES (18, 84537754, '2011-09-21', CURRENT_DATE);
INSERT INTO Works VALUES (19, 12483215, '2014-12-10', CURRENT_DATE);
INSERT INTO Works VALUES (2, 20135891, '2009-11-09', CURRENT_DATE);
INSERT INTO Works VALUES (20, 12051444, '2003-08-26', CURRENT_DATE);
INSERT INTO Works VALUES (3, 51465302, '2009-04-30', CURRENT_DATE);
INSERT INTO Works VALUES (4, 69440306, '2009-12-15', CURRENT_DATE);
INSERT INTO Works VALUES (5, 38580361, '2005-02-11', CURRENT_DATE);
INSERT INTO Works VALUES (6, 62744068, '2015-02-01', CURRENT_DATE);
INSERT INTO Works VALUES (7, 68345963, '2015-07-28', CURRENT_DATE);
INSERT INTO Works VALUES (8, 67843064, '2013-08-30', CURRENT_DATE);
INSERT INTO Works VALUES (9, 95969883, '2019-03-17', CURRENT_DATE);

-- Phone

INSERT INTO Phone VALUES (1, '532-745-1342', 'work');
INSERT INTO Phone VALUES (1, '784-761-0085', 'work');
INSERT INTO Phone VALUES (10, '408-748-6982', 'home');
INSERT INTO Phone VALUES (11, '896-985-8135', 'home');
INSERT INTO Phone VALUES (12, '415-899-2168', 'home');
INSERT INTO Phone VALUES (12, '707-725-7819', 'mobile');
INSERT INTO Phone VALUES (13, '226-999-9603', 'home');
INSERT INTO Phone VALUES (13, '379-886-6514', 'work');
INSERT INTO Phone VALUES (13, '584-158-9399', 'work');
INSERT INTO Phone VALUES (13, '735-311-2440', 'mobile');
INSERT INTO Phone VALUES (13, '758-446-0352', 'home');
INSERT INTO Phone VALUES (14, '297-896-0224', 'mobile');
INSERT INTO Phone VALUES (14, '639-906-8548', 'mobile');
INSERT INTO Phone VALUES (14, '659-709-4065', 'work');
INSERT INTO Phone VALUES (14, '800-156-1890', 'work');
INSERT INTO Phone VALUES (15, '210-272-2789', 'work');
INSERT INTO Phone VALUES (16, '202-611-8910', 'work');
INSERT INTO Phone VALUES (16, '534-674-3318', 'home');
INSERT INTO Phone VALUES (16, '793-866-8082', 'mobile');
INSERT INTO Phone VALUES (17, '178-741-4390', 'work');
INSERT INTO Phone VALUES (17, '496-239-6070', 'work');
INSERT INTO Phone VALUES (18, '406-830-6429', 'work');
INSERT INTO Phone VALUES (18, '461-713-5097', 'work');
INSERT INTO Phone VALUES (18, '684-553-1578', 'mobile');
INSERT INTO Phone VALUES (18, '859-467-0448', 'home');
INSERT INTO Phone VALUES (18, '867-171-9439', 'work');
INSERT INTO Phone VALUES (18, '967-272-2232', 'home');
INSERT INTO Phone VALUES (19, '785-840-9030', 'work');
INSERT INTO Phone VALUES (2, '282-944-2584', 'mobile');
INSERT INTO Phone VALUES (20, '308-572-2467', 'work');
INSERT INTO Phone VALUES (20, '775-185-5213', 'mobile');
INSERT INTO Phone VALUES (20, '825-407-7223', 'work');
INSERT INTO Phone VALUES (20, '842-144-6612', 'home');
INSERT INTO Phone VALUES (20, '871-813-8879', 'mobile');
INSERT INTO Phone VALUES (3, '424-479-8454', 'home');
INSERT INTO Phone VALUES (3, '449-865-8424', 'mobile');
INSERT INTO Phone VALUES (3, '794-153-7170', 'home');
INSERT INTO Phone VALUES (4, '697-126-9178', 'home');
INSERT INTO Phone VALUES (5, '192-816-0796', 'mobile');
INSERT INTO Phone VALUES (5, '462-411-1236', 'home');
INSERT INTO Phone VALUES (5, '702-501-1076', 'mobile');
INSERT INTO Phone VALUES (5, '982-444-9966', 'mobile');
INSERT INTO Phone VALUES (6, '508-881-1144', 'mobile');
INSERT INTO Phone VALUES (6, '969-276-1103', 'work');
INSERT INTO Phone VALUES (7, '621-286-6630', 'home');
INSERT INTO Phone VALUES (7, '815-757-2111', 'work');
INSERT INTO Phone VALUES (7, '847-998-9026', 'work');
INSERT INTO Phone VALUES (8, '186-818-1093', 'home');
INSERT INTO Phone VALUES (8, '292-859-6887', 'mobile');
INSERT INTO Phone VALUES (9, '206-539-0236', 'work');

